ENTRY_TIME_UTC,EXIT_TIME_UTC,ENTRY_PRICE,EXIT_PRICE,RESEARCH_UNITS,HOURS_HELD,DELAYED_EXIT,GROSS_PNL,NET_PNL,NET_TRADE_RETURN_PCT
2025-02-26 20:00:00,2025-02-27 00:00:00,83810.0,84135.0,0.11931750387781888,4.0,False,38.77818876029114,38.77818876029114,0.3877818876029114
2025-02-28 04:00:00,2025-02-28 08:00:00,80050.0,79200.0,0.12497036625703972,4.0,False,-106.22481131848376,-106.22481131848376,-1.061836352279825
2025-04-10 16:00:00,2025-04-10 20:00:00,78785.0,79695.0,0.12684210620986458,4.0,False,115.42631665097677,115.42631665097677,1.1550422034651264
2025-11-13 20:00:00,2025-11-14 00:00:00,98620.0,99545.0,0.10144796156367146,4.0,False,93.8393644463961,93.8393644463961,0.9379436219833706
2025-11-20 20:00:00,2025-11-21 00:00:00,86910.0,86615.0,0.11522473715169622,4.0,False,-33.991297459750385,-33.991297459750385,-0.33943159590380856
2025-12-08 16:00:00,2025-12-08 20:00:00,90120.0,90360.0,0.11108280932210324,4.0,False,26.659874237304777,26.659874237304777,0.26631158455392806
2025-12-15 16:00:00,2025-12-15 20:00:00,87160.0,86184.99999999999,0.1148858279432271,4.0,False,-112.01368224464643,-112.01368224464643,-1.1186324001835704
2025-12-18 20:00:00,2025-12-19 00:00:00,84525.0,85560.0,0.11833478137009416,4.0,False,122.47649871804747,122.47649871804747,1.2244897959183674
2025-12-29 12:00:00,2025-12-29 16:00:00,87900.0,88025.0,0.11393054658906727,4.0,False,14.24131832363341,14.24131832363341,0.1422070534698521
