TIME_UTC,EQUITY,CASH
2025-01-02 00:00:00,100000.0,100000.0
2025-01-02 04:00:00,100000.0,100000.0
2025-01-02 08:00:00,100000.0,100000.0
2025-01-02 12:00:00,100000.0,100000.0
2025-01-02 16:00:00,100000.0,100000.0
2025-01-02 20:00:00,100000.0,100000.0
2025-01-03 00:00:00,100000.0,100000.0
2025-01-03 04:00:00,100000.0,100000.0
2025-01-03 08:00:00,100000.0,100000.0
2025-01-03 12:00:00,100000.0,100000.0
2025-01-03 16:00:00,100000.0,100000.0
2025-01-03 20:00:00,100000.0,100000.0
2025-01-04 00:00:00,100000.0,100000.0
2025-01-06 00:00:00,100000.0,100000.0
2025-01-06 04:00:00,100000.0,100000.0
2025-01-06 08:00:00,100000.0,100000.0
2025-01-06 12:00:00,100000.0,100000.0
2025-01-06 16:00:00,100000.0,100000.0
2025-01-06 20:00:00,100000.0,100000.0
2025-01-07 00:00:00,100000.0,100000.0
2025-01-07 04:00:00,100000.0,100000.0
2025-01-07 08:00:00,100000.0,100000.0
2025-01-07 12:00:00,100000.0,100000.0
2025-01-07 16:00:00,100000.0,100000.0
2025-01-07 20:00:00,99761.67716091954,89992.999
2025-01-08 00:00:00,99751.96851106321,99751.96851106321
2025-01-08 04:00:00,99751.96851106321,99751.96851106321
2025-01-08 08:00:00,99751.96851106321,99751.96851106321
2025-01-08 12:00:00,99751.96851106321,99751.96851106321
2025-01-08 16:00:00,99751.96851106321,99751.96851106321
2025-01-08 20:00:00,99751.96851106321,99751.96851106321
2025-01-09 00:00:00,99751.96851106321,99751.96851106321
2025-01-09 04:00:00,99751.96851106321,99751.96851106321
2025-01-09 08:00:00,99751.96851106321,99751.96851106321
2025-01-09 12:00:00,99751.96851106321,99751.96851106321
2025-01-09 16:00:00,99751.96851106321,99751.96851106321
2025-01-09 20:00:00,99751.96851106321,99751.96851106321
2025-01-10 00:00:00,99827.34746074677,89769.78802464143
2025-01-10 04:00:00,99821.86109828281,99821.86109828281
2025-01-10 08:00:00,99821.86109828281,99821.86109828281
2025-01-10 12:00:00,99821.86109828281,99821.86109828281
2025-01-10 16:00:00,99821.86109828281,99821.86109828281
2025-01-10 20:00:00,99821.86109828281,99821.86109828281
2025-01-11 00:00:00,99821.86109828281,99821.86109828281
2025-01-13 00:00:00,99821.86109828281,99821.86109828281
2025-01-13 04:00:00,99821.86109828281,99821.86109828281
2025-01-13 08:00:00,99821.86109828281,99821.86109828281
2025-01-13 12:00:00,99821.86109828281,99821.86109828281
2025-01-13 16:00:00,99800.23354828032,89832.68645995903
2025-01-13 20:00:00,99786.75558400394,99786.75558400394
2025-01-14 00:00:00,99786.75558400394,99786.75558400394
2025-01-14 04:00:00,99786.75558400394,99786.75558400394
2025-01-14 08:00:00,99786.75558400394,99786.75558400394
2025-01-14 12:00:00,99786.75558400394,99786.75558400394
2025-01-14 16:00:00,99786.75558400394,99786.75558400394
2025-01-14 20:00:00,99786.75558400394,99786.75558400394
2025-01-15 00:00:00,99786.75558400394,99786.75558400394
2025-01-15 04:00:00,99786.75558400394,99786.75558400394
2025-01-15 08:00:00,99786.75558400394,99786.75558400394
2025-01-15 12:00:00,99786.75558400394,99786.75558400394
2025-01-15 16:00:00,99786.75558400394,99786.75558400394
2025-01-15 20:00:00,99786.75558400394,99786.75558400394
2025-01-16 00:00:00,99786.75558400394,99786.75558400394
2025-01-16 04:00:00,99786.75558400394,99786.75558400394
2025-01-16 08:00:00,99786.75558400394,99786.75558400394
2025-01-16 12:00:00,99786.75558400394,99786.75558400394
2025-01-16 16:00:00,99786.75558400394,99786.75558400394
2025-01-16 20:00:00,99786.75558400394,99786.75558400394
2025-01-17 00:00:00,99786.75558400394,99786.75558400394
2025-01-17 04:00:00,99786.75558400394,99786.75558400394
2025-01-17 08:00:00,99786.75558400394,99786.75558400394
2025-01-17 12:00:00,99786.75558400394,99786.75558400394
2025-01-17 16:00:00,99786.75558400394,99786.75558400394
2025-01-17 20:00:00,99786.75558400394,99786.75558400394
2025-01-18 00:00:00,99786.75558400394,99786.75558400394
2025-01-20 00:00:00,99786.75558400394,99786.75558400394
2025-01-20 04:00:00,99786.75558400394,99786.75558400394
2025-01-20 08:00:00,99786.75558400394,99786.75558400394
2025-01-20 12:00:00,99786.75558400394,99786.75558400394
2025-01-20 16:00:00,99786.75558400394,99786.75558400394
2025-01-20 20:00:00,99786.75558400394,99786.75558400394
2025-01-21 00:00:00,99786.75558400394,99786.75558400394
2025-01-21 04:00:00,99786.75558400394,99786.75558400394
2025-01-21 08:00:00,99786.75558400394,99786.75558400394
2025-01-21 12:00:00,99786.75558400394,99786.75558400394
2025-01-21 16:00:00,99786.75558400394,99786.75558400394
2025-01-21 20:00:00,99786.75558400394,99786.75558400394
2025-01-22 00:00:00,99786.75558400394,99786.75558400394
2025-01-22 04:00:00,99786.75558400394,99786.75558400394
2025-01-22 08:00:00,99786.75558400394,99786.75558400394
2025-01-22 12:00:00,99786.75558400394,99786.75558400394
2025-01-22 16:00:00,99786.75558400394,99786.75558400394
2025-01-22 20:00:00,99786.75558400394,99786.75558400394
2025-01-23 00:00:00,99786.75558400394,99786.75558400394
2025-01-23 04:00:00,99786.75558400394,99786.75558400394
2025-01-23 08:00:00,99786.75558400394,99786.75558400394
2025-01-23 12:00:00,99786.75558400394,99786.75558400394
2025-01-23 16:00:00,99786.75558400394,99786.75558400394
2025-01-23 20:00:00,99786.75558400394,99786.75558400394
2025-01-24 00:00:00,99786.75558400394,99786.75558400394
2025-01-24 04:00:00,99786.75558400394,99786.75558400394
2025-01-24 08:00:00,99786.75558400394,99786.75558400394
2025-01-24 12:00:00,99786.75558400394,99786.75558400394
2025-01-24 16:00:00,99786.75558400394,99786.75558400394
2025-01-24 20:00:00,99786.75558400394,99786.75558400394
2025-01-25 00:00:00,99786.75558400394,99786.75558400394
2025-01-27 00:00:00,99786.75558400394,99786.75558400394
2025-01-27 04:00:00,99786.75558400394,99786.75558400394
2025-01-27 08:00:00,99786.75558400394,99786.75558400394
2025-01-27 12:00:00,99761.89240719625,89801.09395484511
2025-01-27 16:00:00,99746.80057442185,99746.80057442185
2025-01-27 20:00:00,99746.80057442185,99746.80057442185
2025-01-28 00:00:00,99746.80057442185,99746.80057442185
2025-01-28 04:00:00,99746.80057442185,99746.80057442185
2025-01-28 08:00:00,99746.80057442185,99746.80057442185
2025-01-28 12:00:00,99746.80057442185,99746.80057442185
2025-01-28 16:00:00,99746.80057442185,99746.80057442185
2025-01-28 20:00:00,99746.80057442185,99746.80057442185
2025-01-29 00:00:00,99746.80057442185,99746.80057442185
2025-01-29 04:00:00,99746.80057442185,99746.80057442185
2025-01-29 08:00:00,99746.80057442185,99746.80057442185
2025-01-29 12:00:00,99746.80057442185,99746.80057442185
2025-01-29 16:00:00,99746.80057442185,99746.80057442185
2025-01-29 20:00:00,99746.80057442185,99746.80057442185
2025-01-30 00:00:00,99746.80057442185,99746.80057442185
2025-01-30 04:00:00,99746.80057442185,99746.80057442185
2025-01-30 08:00:00,99746.80057442185,99746.80057442185
2025-01-30 12:00:00,99746.80057442185,99746.80057442185
2025-01-30 16:00:00,99746.80057442185,99746.80057442185
2025-01-30 20:00:00,99746.80057442185,99746.80057442185
2025-01-31 00:00:00,99746.80057442185,99746.80057442185
2025-01-31 04:00:00,99746.80057442185,99746.80057442185
2025-01-31 08:00:00,99746.80057442185,99746.80057442185
2025-01-31 12:00:00,99746.80057442185,99746.80057442185
2025-01-31 16:00:00,99746.80057442185,99746.80057442185
2025-02-03 00:00:00,99746.80057442185,99746.80057442185
2025-02-03 04:00:00,99746.80057442185,99746.80057442185
2025-02-03 08:00:00,100112.29945714673,89765.13724347144
2025-02-03 12:00:00,100097.22123713503,100097.22123713503
2025-02-03 16:00:00,100097.22123713503,100097.22123713503
2025-02-03 20:00:00,100097.22123713503,100097.22123713503
2025-02-04 00:00:00,100097.22123713503,100097.22123713503
2025-02-04 04:00:00,100097.22123713503,100097.22123713503
2025-02-04 08:00:00,100097.22123713503,100097.22123713503
2025-02-04 12:00:00,100097.22123713503,100097.22123713503
2025-02-04 16:00:00,100097.22123713503,100097.22123713503
2025-02-04 20:00:00,100097.22123713503,100097.22123713503
2025-02-05 00:00:00,100097.22123713503,100097.22123713503
2025-02-05 04:00:00,100097.22123713503,100097.22123713503
2025-02-05 08:00:00,100097.22123713503,100097.22123713503
2025-02-05 12:00:00,100097.22123713503,100097.22123713503
2025-02-05 16:00:00,100097.22123713503,100097.22123713503
2025-02-05 20:00:00,100097.22123713503,100097.22123713503
2025-02-06 00:00:00,100097.22123713503,100097.22123713503
2025-02-06 04:00:00,100097.22123713503,100097.22123713503
2025-02-06 08:00:00,100097.22123713503,100097.22123713503
2025-02-06 12:00:00,100097.22123713503,100097.22123713503
2025-02-06 16:00:00,100097.22123713503,100097.22123713503
2025-02-06 20:00:00,100097.22123713503,100097.22123713503
2025-02-07 00:00:00,100097.22123713503,100097.22123713503
2025-02-07 04:00:00,100097.22123713503,100097.22123713503
2025-02-07 08:00:00,100097.22123713503,100097.22123713503
2025-02-07 12:00:00,100097.22123713503,100097.22123713503
2025-02-07 16:00:00,100097.22123713503,100097.22123713503
2025-02-07 20:00:00,100097.22123713503,100097.22123713503
2025-02-08 00:00:00,100097.22123713503,100097.22123713503
2025-02-10 00:00:00,100097.22123713503,100097.22123713503
2025-02-10 04:00:00,100097.22123713503,100097.22123713503
2025-02-10 08:00:00,100097.22123713503,100097.22123713503
2025-02-10 12:00:00,100097.22123713503,100097.22123713503
2025-02-10 16:00:00,100097.22123713503,100097.22123713503
2025-02-10 20:00:00,100097.22123713503,100097.22123713503
2025-02-11 00:00:00,100097.22123713503,100097.22123713503
2025-02-11 04:00:00,100097.22123713503,100097.22123713503
2025-02-11 08:00:00,100097.22123713503,100097.22123713503
2025-02-11 12:00:00,100097.22123713503,100097.22123713503
2025-02-11 16:00:00,100097.22123713503,100097.22123713503
2025-02-11 20:00:00,100097.22123713503,100097.22123713503
2025-02-12 00:00:00,100097.22123713503,100097.22123713503
2025-02-12 04:00:00,100097.22123713503,100097.22123713503
2025-02-12 08:00:00,100097.22123713503,100097.22123713503
2025-02-12 12:00:00,100097.22123713503,100097.22123713503
2025-02-12 16:00:00,100097.22123713503,100097.22123713503
2025-02-12 20:00:00,100097.22123713503,100097.22123713503
2025-02-13 00:00:00,100097.22123713503,100097.22123713503
2025-02-13 04:00:00,100097.22123713503,100097.22123713503
2025-02-13 08:00:00,100097.22123713503,100097.22123713503
2025-02-13 12:00:00,100097.22123713503,100097.22123713503
2025-02-13 16:00:00,100097.22123713503,100097.22123713503
2025-02-13 20:00:00,100097.22123713503,100097.22123713503
2025-02-14 00:00:00,100097.22123713503,100097.22123713503
2025-02-14 04:00:00,100097.22123713503,100097.22123713503
2025-02-14 08:00:00,100097.22123713503,100097.22123713503
2025-02-14 12:00:00,100097.22123713503,100097.22123713503
2025-02-14 16:00:00,100097.22123713503,100097.22123713503
2025-02-14 20:00:00,100097.22123713503,100097.22123713503
2025-02-15 00:00:00,100097.22123713503,100097.22123713503
2025-02-17 00:00:00,100097.22123713503,100097.22123713503
2025-02-17 04:00:00,100097.22123713503,100097.22123713503
2025-02-17 08:00:00,100097.22123713503,100097.22123713503
2025-02-17 12:00:00,100097.22123713503,100097.22123713503
2025-02-17 16:00:00,100097.22123713503,100097.22123713503
2025-02-17 20:00:00,100097.22123713503,100097.22123713503
2025-02-18 00:00:00,100097.22123713503,100097.22123713503
2025-02-18 04:00:00,100097.22123713503,100097.22123713503
2025-02-18 08:00:00,100097.22123713503,100097.22123713503
2025-02-18 12:00:00,100097.22123713503,100097.22123713503
2025-02-18 16:00:00,100097.22123713503,100097.22123713503
2025-02-18 20:00:00,100097.22123713503,100097.22123713503
2025-02-19 00:00:00,100097.22123713503,100097.22123713503
2025-02-19 04:00:00,100097.22123713503,100097.22123713503
2025-02-19 08:00:00,100097.22123713503,100097.22123713503
2025-02-19 12:00:00,100097.22123713503,100097.22123713503
2025-02-19 16:00:00,100097.22123713503,100097.22123713503
2025-02-19 20:00:00,100097.22123713503,100097.22123713503
2025-02-20 00:00:00,100097.22123713503,100097.22123713503
2025-02-20 04:00:00,100097.22123713503,100097.22123713503
2025-02-20 08:00:00,100097.22123713503,100097.22123713503
2025-02-20 12:00:00,100097.22123713503,100097.22123713503
2025-02-20 16:00:00,100097.22123713503,100097.22123713503
2025-02-20 20:00:00,100097.22123713503,100097.22123713503
2025-02-21 00:00:00,100097.22123713503,100097.22123713503
2025-02-21 04:00:00,100097.22123713503,100097.22123713503
2025-02-21 08:00:00,100097.22123713503,100097.22123713503
2025-02-21 12:00:00,100097.22123713503,100097.22123713503
2025-02-21 16:00:00,100097.22123713503,100097.22123713503
2025-02-21 20:00:00,99759.98066266514,90080.49130696271
2025-02-22 00:00:00,99756.87267293282,99756.87267293282
2025-02-24 00:00:00,99756.87267293282,99756.87267293282
2025-02-24 04:00:00,99756.87267293282,99756.87267293282
2025-02-24 08:00:00,99777.42555644287,89774.20142698371
2025-02-24 12:00:00,99764.92078205146,99764.92078205146
2025-02-24 16:00:00,99764.92078205146,99764.92078205146
2025-02-24 20:00:00,99764.92078205146,99764.92078205146
2025-02-25 00:00:00,99764.92078205146,99764.92078205146
2025-02-25 04:00:00,99700.33753991406,89781.44416174236
2025-02-25 08:00:00,99655.68463928826,99655.68463928826
2025-02-25 12:00:00,99922.2558656493,89683.13928087783
2025-02-25 16:00:00,99921.39773867115,99921.39773867115
2025-02-25 20:00:00,99921.39773867115,99921.39773867115
2025-02-26 00:00:00,99921.39773867115,99921.39773867115
2025-02-26 04:00:00,99921.39773867115,99921.39773867115
2025-02-26 08:00:00,99921.39773867115,99921.39773867115
2025-02-26 12:00:00,99921.39773867115,99921.39773867115
2025-02-26 16:00:00,99921.39773867115,99921.39773867115
2025-02-26 20:00:00,99921.39773867115,99921.39773867115
2025-02-27 00:00:00,100088.67108441237,89922.26246774835
2025-02-27 04:00:00,100077.20194322072,100077.20194322072
2025-02-27 08:00:00,100077.20194322072,100077.20194322072
2025-02-27 12:00:00,100077.20194322072,100077.20194322072
2025-02-27 16:00:00,100077.20194322072,100077.20194322072
2025-02-27 20:00:00,100077.20194322072,100077.20194322072
2025-02-28 00:00:00,100077.20194322072,100077.20194322072
2025-02-28 04:00:00,100077.20194322072,100077.20194322072
2025-02-28 08:00:00,100082.0811917501,90062.47534399059
2025-02-28 12:00:00,100070.31753574983,100070.31753574983
2025-02-28 16:00:00,100070.31753574983,100070.31753574983
2025-03-03 00:00:00,100070.31753574983,100070.31753574983
2025-03-03 04:00:00,100070.31753574983,100070.31753574983
2025-03-03 08:00:00,100070.31753574983,100070.31753574983
2025-03-03 12:00:00,100070.31753574983,100070.31753574983
2025-03-03 16:00:00,100070.31753574983,100070.31753574983
2025-03-03 20:00:00,100070.31753574983,100070.31753574983
2025-03-04 00:00:00,100242.85231472465,90056.27985924415
2025-03-04 04:00:00,100240.44418112011,100240.44418112011
2025-03-04 08:00:00,100240.44418112011,100240.44418112011
2025-03-04 12:00:00,100240.44418112011,100240.44418112011
2025-03-04 16:00:00,100240.44418112011,100240.44418112011
2025-03-04 20:00:00,100240.44418112011,100240.44418112011
2025-03-05 00:00:00,100240.44418112011,100240.44418112011
2025-03-05 04:00:00,100240.44418112011,100240.44418112011
2025-03-05 08:00:00,100240.44418112011,100240.44418112011
2025-03-05 12:00:00,100240.44418112011,100240.44418112011
2025-03-05 16:00:00,100240.44418112011,100240.44418112011
2025-03-05 20:00:00,100240.44418112011,100240.44418112011
2025-03-06 00:00:00,100240.44418112011,100240.44418112011
2025-03-06 04:00:00,100240.44418112011,100240.44418112011
2025-03-06 08:00:00,100240.44418112011,100240.44418112011
2025-03-06 12:00:00,100240.44418112011,100240.44418112011
2025-03-06 16:00:00,100240.44418112011,100240.44418112011
2025-03-06 20:00:00,100240.44418112011,100240.44418112011
2025-03-07 00:00:00,100240.44418112011,100240.44418112011
2025-03-07 04:00:00,100240.44418112011,100240.44418112011
2025-03-07 08:00:00,100240.44418112011,100240.44418112011
2025-03-07 12:00:00,100240.44418112011,100240.44418112011
2025-03-07 16:00:00,100240.44418112011,100240.44418112011
2025-03-07 20:00:00,100240.44418112011,100240.44418112011
2025-03-08 00:00:00,100240.44418112011,100240.44418112011
2025-03-10 00:00:00,100240.44418112011,100240.44418112011
2025-03-10 04:00:00,100240.44418112011,100240.44418112011
2025-03-10 08:00:00,100240.44418112011,100240.44418112011
2025-03-10 12:00:00,100240.44418112011,100240.44418112011
2025-03-10 16:00:00,100240.44418112011,100240.44418112011
2025-03-10 20:00:00,99491.73140057635,90209.38192951099
2025-03-11 00:00:00,99485.23468418156,99485.23468418156
2025-03-11 04:00:00,99485.23468418156,99485.23468418156
2025-03-11 08:00:00,99485.23468418156,99485.23468418156
2025-03-11 12:00:00,99485.23468418156,99485.23468418156
2025-03-11 16:00:00,99485.23468418156,99485.23468418156
2025-03-11 20:00:00,99485.23468418156,99485.23468418156
2025-03-12 00:00:00,99485.23468418156,99485.23468418156
2025-03-12 04:00:00,99485.23468418156,99485.23468418156
2025-03-12 08:00:00,99485.23468418156,99485.23468418156
2025-03-12 12:00:00,99485.23468418156,99485.23468418156
2025-03-12 16:00:00,99485.23468418156,99485.23468418156
2025-03-12 20:00:00,99485.23468418156,99485.23468418156
2025-03-13 00:00:00,99485.23468418156,99485.23468418156
2025-03-13 04:00:00,99485.23468418156,99485.23468418156
2025-03-13 08:00:00,99485.23468418156,99485.23468418156
2025-03-13 12:00:00,99485.23468418156,99485.23468418156
2025-03-13 16:00:00,99485.23468418156,99485.23468418156
2025-03-13 20:00:00,99485.23468418156,99485.23468418156
2025-03-14 00:00:00,99485.23468418156,99485.23468418156
2025-03-14 04:00:00,99485.23468418156,99485.23468418156
2025-03-14 08:00:00,99485.23468418156,99485.23468418156
2025-03-14 12:00:00,99485.23468418156,99485.23468418156
2025-03-14 16:00:00,99485.23468418156,99485.23468418156
2025-03-14 20:00:00,99485.23468418156,99485.23468418156
2025-03-15 00:00:00,99485.23468418156,99485.23468418156
2025-03-17 00:00:00,99485.23468418156,99485.23468418156
2025-03-17 04:00:00,99485.23468418156,99485.23468418156
2025-03-17 08:00:00,99485.23468418156,99485.23468418156
2025-03-17 12:00:00,99485.23468418156,99485.23468418156
2025-03-17 16:00:00,99485.23468418156,99485.23468418156
2025-03-17 20:00:00,99485.23468418156,99485.23468418156
2025-03-18 00:00:00,99485.23468418156,99485.23468418156
2025-03-18 04:00:00,99485.23468418156,99485.23468418156
2025-03-18 08:00:00,99485.23468418156,99485.23468418156
2025-03-18 12:00:00,99485.23468418156,99485.23468418156
2025-03-18 16:00:00,99485.23468418156,99485.23468418156
2025-03-18 20:00:00,99485.23468418156,99485.23468418156
2025-03-19 00:00:00,99485.23468418156,99485.23468418156
2025-03-19 04:00:00,99485.23468418156,99485.23468418156
2025-03-19 08:00:00,99485.23468418156,99485.23468418156
2025-03-19 12:00:00,99485.23468418156,99485.23468418156
2025-03-19 16:00:00,99485.23468418156,99485.23468418156
2025-03-19 20:00:00,99485.23468418156,99485.23468418156
2025-03-20 00:00:00,99485.23468418156,99485.23468418156
2025-03-20 04:00:00,99485.23468418156,99485.23468418156
2025-03-20 08:00:00,99485.23468418156,99485.23468418156
2025-03-20 12:00:00,99485.23468418156,99485.23468418156
2025-03-20 16:00:00,99485.23468418156,99485.23468418156
2025-03-20 20:00:00,99485.23468418156,99485.23468418156
2025-03-21 00:00:00,99485.23468418156,99485.23468418156
2025-03-21 04:00:00,99485.23468418156,99485.23468418156
2025-03-21 08:00:00,99485.23468418156,99485.23468418156
2025-03-21 12:00:00,99485.23468418156,99485.23468418156
2025-03-21 16:00:00,99485.23468418156,99485.23468418156
2025-03-21 20:00:00,99485.23468418156,99485.23468418156
2025-03-22 00:00:00,99485.23468418156,99485.23468418156
2025-03-24 00:00:00,99485.23468418156,99485.23468418156
2025-03-24 04:00:00,99485.23468418156,99485.23468418156
2025-03-24 08:00:00,99485.23468418156,99485.23468418156
2025-03-24 12:00:00,99485.23468418156,99485.23468418156
2025-03-24 16:00:00,99485.23468418156,99485.23468418156
2025-03-24 20:00:00,99485.23468418156,99485.23468418156
2025-03-25 00:00:00,99485.23468418156,99485.23468418156
2025-03-25 04:00:00,99485.23468418156,99485.23468418156
2025-03-25 08:00:00,99485.23468418156,99485.23468418156
2025-03-25 12:00:00,99485.23468418156,99485.23468418156
2025-03-25 16:00:00,99485.23468418156,99485.23468418156
2025-03-25 20:00:00,99485.23468418156,99485.23468418156
2025-03-26 00:00:00,99485.23468418156,99485.23468418156
2025-03-26 04:00:00,99485.23468418156,99485.23468418156
2025-03-26 08:00:00,99485.23468418156,99485.23468418156
2025-03-26 12:00:00,99485.23468418156,99485.23468418156
2025-03-26 16:00:00,99485.23468418156,99485.23468418156
2025-03-26 20:00:00,99413.95803464203,89529.74625448317
2025-03-27 00:00:00,99402.09648431643,99402.09648431643
2025-03-27 04:00:00,99402.09648431643,99402.09648431643
2025-03-27 08:00:00,99402.09648431643,99402.09648431643
2025-03-27 12:00:00,99402.09648431643,99402.09648431643
2025-03-27 16:00:00,99402.09648431643,99402.09648431643
2025-03-27 20:00:00,99402.09648431643,99402.09648431643
2025-03-28 00:00:00,99402.09648431643,99402.09648431643
2025-03-28 04:00:00,99402.09648431643,99402.09648431643
2025-03-28 08:00:00,99402.09648431643,99402.09648431643
2025-03-28 12:00:00,99324.8977045707,89454.92769510992
2025-03-28 16:00:00,99341.3865386436,99341.3865386436
2025-03-31 00:00:00,99341.3865386436,99341.3865386436
2025-03-31 04:00:00,99341.3865386436,99341.3865386436
2025-03-31 08:00:00,99341.3865386436,99341.3865386436
2025-03-31 12:00:00,99341.3865386436,99341.3865386436
2025-03-31 16:00:00,99341.3865386436,99341.3865386436
2025-03-31 20:00:00,99341.3865386436,99341.3865386436
2025-04-01 00:00:00,99341.3865386436,99341.3865386436
2025-04-01 04:00:00,99341.3865386436,99341.3865386436
2025-04-01 08:00:00,99341.3865386436,99341.3865386436
2025-04-01 12:00:00,99341.3865386436,99341.3865386436
2025-04-01 16:00:00,99341.3865386436,99341.3865386436
2025-04-01 20:00:00,99341.3865386436,99341.3865386436
2025-04-02 00:00:00,99341.3865386436,99341.3865386436
2025-04-02 04:00:00,99341.3865386436,99341.3865386436
2025-04-02 08:00:00,99341.3865386436,99341.3865386436
2025-04-02 12:00:00,99341.3865386436,99341.3865386436
2025-04-02 16:00:00,99341.3865386436,99341.3865386436
2025-04-02 20:00:00,99341.3865386436,99341.3865386436
2025-04-03 00:00:00,99341.3865386436,99341.3865386436
2025-04-03 04:00:00,99508.27907461465,89400.29299430766
2025-04-03 08:00:00,99509.47714994889,99509.47714994889
2025-04-03 12:00:00,99509.47714994889,99509.47714994889
2025-04-03 16:00:00,99509.47714994889,99509.47714994889
2025-04-03 20:00:00,99509.47714994889,99509.47714994889
2025-04-04 00:00:00,99509.47714994889,99509.47714994889
2025-04-04 04:00:00,99509.47714994889,99509.47714994889
2025-04-04 08:00:00,99509.47714994889,99509.47714994889
2025-04-04 12:00:00,99509.47714994889,99509.47714994889
2025-04-04 16:00:00,99509.47714994889,99509.47714994889
2025-04-04 20:00:00,99509.47714994889,99509.47714994889
2025-04-05 00:00:00,99509.47714994889,99509.47714994889
2025-04-07 00:00:00,99509.47714994889,99509.47714994889
2025-04-07 04:00:00,99509.47714994889,99509.47714994889
2025-04-07 08:00:00,99509.47714994889,99509.47714994889
2025-04-07 12:00:00,99658.95054438928,89551.56277645873
2025-04-07 16:00:00,99665.47034547682,99665.47034547682
2025-04-07 20:00:00,99665.47034547682,99665.47034547682
2025-04-08 00:00:00,99665.47034547682,99665.47034547682
2025-04-08 04:00:00,99665.47034547682,99665.47034547682
2025-04-08 08:00:00,99665.47034547682,99665.47034547682
2025-04-08 12:00:00,99665.47034547682,99665.47034547682
2025-04-08 16:00:00,99665.47034547682,99665.47034547682
2025-04-08 20:00:00,99665.47034547682,99665.47034547682
2025-04-09 00:00:00,99665.47034547682,99665.47034547682
2025-04-09 04:00:00,99665.47034547682,99665.47034547682
2025-04-09 08:00:00,99665.47034547682,99665.47034547682
2025-04-09 12:00:00,99665.47034547682,99665.47034547682
2025-04-09 16:00:00,99665.47034547682,99665.47034547682
2025-04-09 20:00:00,99665.47034547682,99665.47034547682
2025-04-10 00:00:00,99665.47034547682,99665.47034547682
2025-04-10 04:00:00,99665.47034547682,99665.47034547682
2025-04-10 08:00:00,99665.47034547682,99665.47034547682
2025-04-10 12:00:00,99665.47034547682,99665.47034547682
2025-04-10 16:00:00,99665.47034547682,99665.47034547682
2025-04-10 20:00:00,99748.40147619956,89691.94573135025
2025-04-11 00:00:00,99738.03534122393,99738.03534122393
2025-04-11 04:00:00,99738.03534122393,99738.03534122393
2025-04-11 08:00:00,99738.03534122393,99738.03534122393
2025-04-11 12:00:00,99738.03534122393,99738.03534122393
2025-04-11 16:00:00,99738.03534122393,99738.03534122393
2025-04-11 20:00:00,99738.03534122393,99738.03534122393
2025-04-12 00:00:00,99738.03534122393,99738.03534122393
2025-04-14 00:00:00,99738.03534122393,99738.03534122393
2025-04-14 04:00:00,99738.03534122393,99738.03534122393
2025-04-14 08:00:00,99738.03534122393,99738.03534122393
2025-04-14 12:00:00,99738.03534122393,99738.03534122393
2025-04-14 16:00:00,99738.03534122393,99738.03534122393
2025-04-14 20:00:00,99738.03534122393,99738.03534122393
2025-04-15 00:00:00,99738.03534122393,99738.03534122393
2025-04-15 04:00:00,99738.03534122393,99738.03534122393
2025-04-15 08:00:00,99738.03534122393,99738.03534122393
2025-04-15 12:00:00,99738.03534122393,99738.03534122393
2025-04-15 16:00:00,99738.03534122393,99738.03534122393
2025-04-15 20:00:00,99738.03534122393,99738.03534122393
2025-04-16 00:00:00,99738.03534122393,99738.03534122393
2025-04-16 04:00:00,99738.03534122393,99738.03534122393
2025-04-16 08:00:00,99738.03534122393,99738.03534122393
2025-04-16 12:00:00,99738.03534122393,99738.03534122393
2025-04-16 16:00:00,99738.03534122393,99738.03534122393
2025-04-16 20:00:00,99738.03534122393,99738.03534122393
2025-04-17 00:00:00,99738.03534122393,99738.03534122393
2025-04-17 04:00:00,99738.03534122393,99738.03534122393
2025-04-17 08:00:00,99738.03534122393,99738.03534122393
2025-04-17 12:00:00,99738.03534122393,99738.03534122393
2025-04-17 16:00:00,99738.03534122393,99738.03534122393
2025-04-17 20:00:00,99738.03534122393,99738.03534122393
2025-04-18 00:00:00,99738.03534122393,99738.03534122393
2025-04-21 00:00:00,99738.03534122393,99738.03534122393
2025-04-21 04:00:00,99738.03534122393,99738.03534122393
2025-04-21 08:00:00,99738.03534122393,99738.03534122393
2025-04-21 12:00:00,99738.03534122393,99738.03534122393
2025-04-21 16:00:00,99738.03534122393,99738.03534122393
2025-04-21 20:00:00,99738.03534122393,99738.03534122393
2025-04-22 00:00:00,99775.40885972984,89757.2491472473
2025-04-22 04:00:00,99755.73282589825,99755.73282589825
2025-04-22 08:00:00,99755.73282589825,99755.73282589825
2025-04-22 12:00:00,99755.73282589825,99755.73282589825
2025-04-22 16:00:00,99755.73282589825,99755.73282589825
2025-04-22 20:00:00,99755.73282589825,99755.73282589825
2025-04-23 00:00:00,99755.73282589825,99755.73282589825
2025-04-23 04:00:00,99755.73282589825,99755.73282589825
2025-04-23 08:00:00,99755.73282589825,99755.73282589825
2025-04-23 12:00:00,99755.73282589825,99755.73282589825
2025-04-23 16:00:00,99755.73282589825,99755.73282589825
2025-04-23 20:00:00,99755.73282589825,99755.73282589825
2025-04-24 00:00:00,99755.73282589825,99755.73282589825
2025-04-24 04:00:00,99755.73282589825,99755.73282589825
2025-04-24 08:00:00,99755.73282589825,99755.73282589825
2025-04-24 12:00:00,99755.73282589825,99755.73282589825
2025-04-24 16:00:00,99755.73282589825,99755.73282589825
2025-04-24 20:00:00,99755.73282589825,99755.73282589825
2025-04-25 00:00:00,99755.73282589825,99755.73282589825
2025-04-25 04:00:00,99755.73282589825,99755.73282589825
2025-04-25 08:00:00,99755.73282589825,99755.73282589825
2025-04-25 12:00:00,99755.73282589825,99755.73282589825
2025-04-25 16:00:00,99755.73282589825,99755.73282589825
2025-04-28 00:00:00,99755.73282589825,99755.73282589825
2025-04-28 04:00:00,99755.73282589825,99755.73282589825
2025-04-28 08:00:00,99755.73282589825,99755.73282589825
2025-04-28 12:00:00,99755.73282589825,99755.73282589825
2025-04-28 16:00:00,99755.73282589825,99755.73282589825
2025-04-28 20:00:00,99945.3949787979,89773.17564445328
2025-04-29 00:00:00,99935.4681793546,99935.4681793546
2025-04-29 04:00:00,99935.4681793546,99935.4681793546
2025-04-29 08:00:00,99935.4681793546,99935.4681793546
2025-04-29 12:00:00,99935.4681793546,99935.4681793546
2025-04-29 16:00:00,99935.4681793546,99935.4681793546
2025-04-29 20:00:00,99935.4681793546,99935.4681793546
2025-04-30 00:00:00,99935.4681793546,99935.4681793546
2025-04-30 04:00:00,99935.4681793546,99935.4681793546
2025-04-30 08:00:00,99935.4681793546,99935.4681793546
2025-04-30 12:00:00,99935.4681793546,99935.4681793546
2025-04-30 16:00:00,99935.4681793546,99935.4681793546
2025-04-30 20:00:00,100055.11478559884,89934.92487929191
2025-05-01 00:00:00,100050.84398581396,100050.84398581396
2025-05-01 04:00:00,100050.84398581396,100050.84398581396
2025-05-01 08:00:00,100050.84398581396,100050.84398581396
2025-05-01 12:00:00,100050.84398581396,100050.84398581396
2025-05-01 16:00:00,100050.84398581396,100050.84398581396
2025-05-01 20:00:00,100050.84398581396,100050.84398581396
2025-05-02 00:00:00,100050.84398581396,100050.84398581396
2025-05-02 04:00:00,100050.84398581396,100050.84398581396
2025-05-02 08:00:00,100050.84398581396,100050.84398581396
2025-05-02 12:00:00,100050.84398581396,100050.84398581396
2025-05-02 16:00:00,100050.84398581396,100050.84398581396
2025-05-02 20:00:00,100050.84398581396,100050.84398581396
2025-05-03 00:00:00,100050.84398581396,100050.84398581396
2025-05-05 00:00:00,100050.84398581396,100050.84398581396
2025-05-05 04:00:00,100050.84398581396,100050.84398581396
2025-05-05 08:00:00,100050.84398581396,100050.84398581396
2025-05-05 12:00:00,100050.84398581396,100050.84398581396
2025-05-05 16:00:00,100050.84398581396,100050.84398581396
2025-05-05 20:00:00,100050.84398581396,100050.84398581396
2025-05-06 00:00:00,100050.84398581396,100050.84398581396
2025-05-06 04:00:00,100050.84398581396,100050.84398581396
2025-05-06 08:00:00,100050.84398581396,100050.84398581396
2025-05-06 12:00:00,100050.84398581396,100050.84398581396
2025-05-06 16:00:00,100052.29442712673,90038.75502764512
2025-05-06 20:00:00,100048.10231198273,100048.10231198273
2025-05-07 00:00:00,100048.10231198273,100048.10231198273
2025-05-07 04:00:00,100048.10231198273,100048.10231198273
2025-05-07 08:00:00,100048.10231198273,100048.10231198273
2025-05-07 12:00:00,100048.10231198273,100048.10231198273
2025-05-07 16:00:00,100048.10231198273,100048.10231198273
2025-05-07 20:00:00,100048.10231198273,100048.10231198273
2025-05-08 00:00:00,100048.10231198273,100048.10231198273
2025-05-08 04:00:00,100048.10231198273,100048.10231198273
2025-05-08 08:00:00,100048.10231198273,100048.10231198273
2025-05-08 12:00:00,100048.10231198273,100048.10231198273
2025-05-08 16:00:00,100048.10231198273,100048.10231198273
2025-05-08 20:00:00,100048.10231198273,100048.10231198273
2025-05-09 00:00:00,100048.10231198273,100048.10231198273
2025-05-09 04:00:00,100048.10231198273,100048.10231198273
2025-05-09 08:00:00,100048.10231198273,100048.10231198273
2025-05-09 12:00:00,100048.10231198273,100048.10231198273
2025-05-09 16:00:00,100048.10231198273,100048.10231198273
2025-05-09 20:00:00,100048.10231198273,100048.10231198273
2025-05-10 00:00:00,100048.10231198273,100048.10231198273
2025-05-12 00:00:00,100048.10231198273,100048.10231198273
2025-05-12 04:00:00,100048.10231198273,100048.10231198273
2025-05-12 08:00:00,100048.10231198273,100048.10231198273
2025-05-12 12:00:00,100048.10231198273,100048.10231198273
2025-05-12 16:00:00,100048.10231198273,100048.10231198273
2025-05-12 20:00:00,100048.10231198273,100048.10231198273
2025-05-13 00:00:00,100048.10231198273,100048.10231198273
2025-05-13 04:00:00,100048.10231198273,100048.10231198273
2025-05-13 08:00:00,100048.10231198273,100048.10231198273
2025-05-13 12:00:00,100048.10231198273,100048.10231198273
2025-05-13 16:00:00,100048.10231198273,100048.10231198273
2025-05-13 20:00:00,100048.10231198273,100048.10231198273
2025-05-14 00:00:00,100048.10231198273,100048.10231198273
2025-05-14 04:00:00,100048.10231198273,100048.10231198273
2025-05-14 08:00:00,100048.10231198273,100048.10231198273
2025-05-14 12:00:00,100048.10231198273,100048.10231198273
2025-05-14 16:00:00,100048.10231198273,100048.10231198273
2025-05-14 20:00:00,100048.10231198273,100048.10231198273
2025-05-15 00:00:00,100048.10231198273,100048.10231198273
2025-05-15 04:00:00,100048.10231198273,100048.10231198273
2025-05-15 08:00:00,100048.10231198273,100048.10231198273
2025-05-15 12:00:00,100048.10231198273,100048.10231198273
2025-05-15 16:00:00,100048.10231198273,100048.10231198273
2025-05-15 20:00:00,100048.10231198273,100048.10231198273
2025-05-16 00:00:00,100048.10231198273,100048.10231198273
2025-05-16 04:00:00,100048.10231198273,100048.10231198273
2025-05-16 08:00:00,100048.10231198273,100048.10231198273
2025-05-16 12:00:00,100048.10231198273,100048.10231198273
2025-05-16 16:00:00,100048.10231198273,100048.10231198273
2025-05-16 20:00:00,100048.10231198273,100048.10231198273
2025-05-17 00:00:00,100048.10231198273,100048.10231198273
2025-05-19 00:00:00,100048.10231198273,100048.10231198273
2025-05-19 04:00:00,100048.10231198273,100048.10231198273
2025-05-19 08:00:00,100128.9879317296,90036.28771314159
2025-05-19 12:00:00,100117.74174259958,100117.74174259958
2025-05-19 16:00:00,100117.74174259958,100117.74174259958
2025-05-19 20:00:00,100117.74174259958,100117.74174259958
2025-05-20 00:00:00,100117.74174259958,100117.74174259958
2025-05-20 04:00:00,100117.74174259958,100117.74174259958
2025-05-20 08:00:00,100117.74174259958,100117.74174259958
2025-05-20 12:00:00,100117.74174259958,100117.74174259958
2025-05-20 16:00:00,100117.74174259958,100117.74174259958
2025-05-20 20:00:00,100117.74174259958,100117.74174259958
2025-05-21 00:00:00,100117.74174259958,100117.74174259958
2025-05-21 04:00:00,100117.74174259958,100117.74174259958
2025-05-21 08:00:00,100117.74174259958,100117.74174259958
2025-05-21 12:00:00,100117.74174259958,100117.74174259958
2025-05-21 16:00:00,100117.74174259958,100117.74174259958
2025-05-21 20:00:00,100117.74174259958,100117.74174259958
2025-05-22 00:00:00,100117.74174259958,100117.74174259958
2025-05-22 04:00:00,100117.74174259958,100117.74174259958
2025-05-22 08:00:00,100117.74174259958,100117.74174259958
2025-05-22 12:00:00,100117.74174259958,100117.74174259958
2025-05-22 16:00:00,100117.74174259958,100117.74174259958
2025-05-22 20:00:00,100117.74174259958,100117.74174259958
2025-05-23 00:00:00,100117.74174259958,100117.74174259958
2025-05-23 04:00:00,100117.74174259958,100117.74174259958
2025-05-23 08:00:00,100117.74174259958,100117.74174259958
2025-05-23 12:00:00,100117.74174259958,100117.74174259958
2025-05-23 16:00:00,100120.46589846407,90098.95832524022
2025-05-23 20:00:00,100117.34247993676,100117.34247993676
2025-05-24 00:00:00,100117.34247993676,100117.34247993676
2025-05-26 00:00:00,100117.34247993676,100117.34247993676
2025-05-26 04:00:00,100117.34247993676,100117.34247993676
2025-05-26 08:00:00,100117.34247993676,100117.34247993676
2025-05-26 12:00:00,100117.34247993676,100117.34247993676
2025-05-26 16:00:00,100117.34247993676,100117.34247993676
2025-05-26 20:00:00,100117.34247993676,100117.34247993676
2025-05-27 00:00:00,100117.34247993676,100117.34247993676
2025-05-27 04:00:00,100117.34247993676,100117.34247993676
2025-05-27 08:00:00,100117.34247993676,100117.34247993676
2025-05-27 12:00:00,100117.34247993676,100117.34247993676
2025-05-27 16:00:00,100117.34247993676,100117.34247993676
2025-05-27 20:00:00,100117.34247993676,100117.34247993676
2025-05-28 00:00:00,100117.34247993676,100117.34247993676
2025-05-28 04:00:00,100117.34247993676,100117.34247993676
2025-05-28 08:00:00,100117.34247993676,100117.34247993676
2025-05-28 12:00:00,100117.34247993676,100117.34247993676
2025-05-28 16:00:00,100117.34247993676,100117.34247993676
2025-05-28 20:00:00,100117.34247993676,100117.34247993676
2025-05-29 00:00:00,100117.34247993676,100117.34247993676
2025-05-29 04:00:00,100117.34247993676,100117.34247993676
2025-05-29 08:00:00,100117.34247993676,100117.34247993676
2025-05-29 12:00:00,100117.34247993676,100117.34247993676
2025-05-29 16:00:00,100117.34247993676,100117.34247993676
2025-05-29 20:00:00,100117.34247993676,100117.34247993676
2025-05-30 00:00:00,100117.34247993676,100117.34247993676
2025-05-30 04:00:00,100117.34247993676,100117.34247993676
2025-05-30 08:00:00,100117.34247993676,100117.34247993676
2025-05-30 12:00:00,100117.34247993676,100117.34247993676
2025-05-30 16:00:00,100117.34247993676,100117.34247993676
2025-06-02 00:00:00,100117.34247993676,100117.34247993676
2025-06-02 04:00:00,100117.34247993676,100117.34247993676
2025-06-02 08:00:00,100117.34247993676,100117.34247993676
2025-06-02 12:00:00,100117.34247993676,100117.34247993676
2025-06-02 16:00:00,100117.34247993676,100117.34247993676
2025-06-02 20:00:00,100117.34247993676,100117.34247993676
2025-06-03 00:00:00,100117.34247993676,100117.34247993676
2025-06-03 04:00:00,100117.34247993676,100117.34247993676
2025-06-03 08:00:00,100117.34247993676,100117.34247993676
2025-06-03 12:00:00,100117.34247993676,100117.34247993676
2025-06-03 16:00:00,100117.34247993676,100117.34247993676
2025-06-03 20:00:00,100117.34247993676,100117.34247993676
2025-06-04 00:00:00,100117.34247993676,100117.34247993676
2025-06-04 04:00:00,100117.34247993676,100117.34247993676
2025-06-04 08:00:00,100117.34247993676,100117.34247993676
2025-06-04 12:00:00,100117.34247993676,100117.34247993676
2025-06-04 16:00:00,100117.34247993676,100117.34247993676
2025-06-04 20:00:00,100117.34247993676,100117.34247993676
2025-06-05 00:00:00,100117.34247993676,100117.34247993676
2025-06-05 04:00:00,100117.34247993676,100117.34247993676
2025-06-05 08:00:00,100117.34247993676,100117.34247993676
2025-06-05 12:00:00,100117.34247993676,100117.34247993676
2025-06-05 16:00:00,100117.34247993676,100117.34247993676
2025-06-05 20:00:00,100117.34247993676,100117.34247993676
2025-06-06 00:00:00,100117.34247993676,100117.34247993676
2025-06-06 04:00:00,100292.10190803782,90098.59901679606
2025-06-06 08:00:00,100284.96747536423,100284.96747536423
2025-06-06 12:00:00,100284.96747536423,100284.96747536423
2025-06-06 16:00:00,100284.96747536423,100284.96747536423
2025-06-06 20:00:00,100284.96747536423,100284.96747536423
2025-06-07 00:00:00,100284.96747536423,100284.96747536423
2025-06-09 00:00:00,100284.96747536423,100284.96747536423
2025-06-09 04:00:00,100284.96747536423,100284.96747536423
2025-06-09 08:00:00,100284.96747536423,100284.96747536423
2025-06-09 12:00:00,100284.96747536423,100284.96747536423
2025-06-09 16:00:00,100284.96747536423,100284.96747536423
2025-06-09 20:00:00,100284.96747536423,100284.96747536423
2025-06-10 00:00:00,100284.96747536423,100284.96747536423
2025-06-10 04:00:00,100284.96747536423,100284.96747536423
2025-06-10 08:00:00,100284.96747536423,100284.96747536423
2025-06-10 12:00:00,100284.96747536423,100284.96747536423
2025-06-10 16:00:00,100284.96747536423,100284.96747536423
2025-06-10 20:00:00,100284.96747536423,100284.96747536423
2025-06-11 00:00:00,100284.96747536423,100284.96747536423
2025-06-11 04:00:00,100284.96747536423,100284.96747536423
2025-06-11 08:00:00,100284.96747536423,100284.96747536423
2025-06-11 12:00:00,100284.96747536423,100284.96747536423
2025-06-11 16:00:00,100284.96747536423,100284.96747536423
2025-06-11 20:00:00,100284.96747536423,100284.96747536423
2025-06-12 00:00:00,100284.96747536423,100284.96747536423
2025-06-12 04:00:00,100284.96747536423,100284.96747536423
2025-06-12 08:00:00,100284.96747536423,100284.96747536423
2025-06-12 12:00:00,100284.96747536423,100284.96747536423
2025-06-12 16:00:00,100284.96747536423,100284.96747536423
2025-06-12 20:00:00,100284.96747536423,100284.96747536423
2025-06-13 00:00:00,100284.96747536423,100284.96747536423
2025-06-13 04:00:00,100284.96747536423,100284.96747536423
2025-06-13 08:00:00,100323.63896242862,90249.44977725485
2025-06-13 12:00:00,100316.58803741793,100316.58803741793
2025-06-13 16:00:00,100316.58803741793,100316.58803741793
2025-06-13 20:00:00,100316.58803741793,100316.58803741793
2025-06-14 00:00:00,100316.58803741793,100316.58803741793
2025-06-16 00:00:00,100316.58803741793,100316.58803741793
2025-06-16 04:00:00,100316.58803741793,100316.58803741793
2025-06-16 08:00:00,100316.58803741793,100316.58803741793
2025-06-16 12:00:00,100316.58803741793,100316.58803741793
2025-06-16 16:00:00,100316.58803741793,100316.58803741793
2025-06-16 20:00:00,100316.58803741793,100316.58803741793
2025-06-17 00:00:00,100316.58803741793,100316.58803741793
2025-06-17 04:00:00,100555.24617216225,90277.90606934763
2025-06-17 08:00:00,100553.94528614586,100553.94528614586
2025-06-17 12:00:00,100553.94528614586,100553.94528614586
2025-06-17 16:00:00,100553.94528614586,100553.94528614586
2025-06-17 20:00:00,100553.94528614586,100553.94528614586
2025-06-18 00:00:00,100553.94528614586,100553.94528614586
2025-06-18 04:00:00,100553.94528614586,100553.94528614586
2025-06-18 08:00:00,100553.94528614586,100553.94528614586
2025-06-18 12:00:00,100553.94528614586,100553.94528614586
2025-06-18 16:00:00,100553.94528614586,100553.94528614586
2025-06-18 20:00:00,100553.94528614586,100553.94528614586
2025-06-19 00:00:00,100553.94528614586,100553.94528614586
2025-06-19 04:00:00,100553.94528614586,100553.94528614586
2025-06-19 08:00:00,100553.94528614586,100553.94528614586
2025-06-19 12:00:00,100553.94528614586,100553.94528614586
2025-06-19 16:00:00,100553.94528614586,100553.94528614586
2025-06-19 20:00:00,100553.94528614586,100553.94528614586
2025-06-20 00:00:00,100553.94528614586,100553.94528614586
2025-06-20 04:00:00,100553.94528614586,100553.94528614586
2025-06-20 08:00:00,100553.94528614586,100553.94528614586
2025-06-20 12:00:00,100553.94528614586,100553.94528614586
2025-06-20 16:00:00,100553.94528614586,100553.94528614586
2025-06-20 20:00:00,100553.94528614586,100553.94528614586
2025-06-21 00:00:00,100603.10414907984,90491.51097582179
2025-06-23 00:00:00,99585.15944320039,99585.15944320039
2025-06-23 04:00:00,99585.15944320039,99585.15944320039
2025-06-23 08:00:00,99585.15944320039,99585.15944320039
2025-06-23 12:00:00,99585.15944320039,99585.15944320039
2025-06-23 16:00:00,99585.15944320039,99585.15944320039
2025-06-23 20:00:00,99585.15944320039,99585.15944320039
2025-06-24 00:00:00,99585.15944320039,99585.15944320039
2025-06-24 04:00:00,99585.15944320039,99585.15944320039
2025-06-24 08:00:00,99585.15944320039,99585.15944320039
2025-06-24 12:00:00,99585.15944320039,99585.15944320039
2025-06-24 16:00:00,99585.15944320039,99585.15944320039
2025-06-24 20:00:00,99585.15944320039,99585.15944320039
2025-06-25 00:00:00,99585.15944320039,99585.15944320039
2025-06-25 04:00:00,99585.15944320039,99585.15944320039
2025-06-25 08:00:00,99585.15944320039,99585.15944320039
2025-06-25 12:00:00,99585.15944320039,99585.15944320039
2025-06-25 16:00:00,99585.15944320039,99585.15944320039
2025-06-25 20:00:00,99585.15944320039,99585.15944320039
2025-06-26 00:00:00,99585.15944320039,99585.15944320039
2025-06-26 04:00:00,99585.15944320039,99585.15944320039
2025-06-26 08:00:00,99585.15944320039,99585.15944320039
2025-06-26 12:00:00,99585.15944320039,99585.15944320039
2025-06-26 16:00:00,99585.15944320039,99585.15944320039
2025-06-26 20:00:00,99585.15944320039,99585.15944320039
2025-06-27 00:00:00,99585.15944320039,99585.15944320039
2025-06-27 04:00:00,99585.15944320039,99585.15944320039
2025-06-27 08:00:00,99585.15944320039,99585.15944320039
2025-06-27 12:00:00,99585.15944320039,99585.15944320039
2025-06-27 16:00:00,99585.15944320039,99585.15944320039
2025-06-30 00:00:00,99585.15944320039,99585.15944320039
2025-06-30 04:00:00,99585.15944320039,99585.15944320039
2025-06-30 08:00:00,99585.15944320039,99585.15944320039
2025-06-30 12:00:00,99585.15944320039,99585.15944320039
2025-06-30 16:00:00,99585.15944320039,99585.15944320039
2025-06-30 20:00:00,99585.15944320039,99585.15944320039
2025-07-01 00:00:00,99585.15944320039,99585.15944320039
2025-07-01 04:00:00,99585.15944320039,99585.15944320039
2025-07-01 08:00:00,99585.15944320039,99585.15944320039
2025-07-01 12:00:00,99585.15944320039,99585.15944320039
2025-07-01 16:00:00,99585.15944320039,99585.15944320039
2025-07-01 20:00:00,99585.15944320039,99585.15944320039
2025-07-02 00:00:00,99585.15944320039,99585.15944320039
2025-07-02 04:00:00,99585.15944320039,99585.15944320039
2025-07-02 08:00:00,99585.15944320039,99585.15944320039
2025-07-02 12:00:00,99585.15944320039,99585.15944320039
2025-07-02 16:00:00,99585.15944320039,99585.15944320039
2025-07-02 20:00:00,99585.15944320039,99585.15944320039
2025-07-03 00:00:00,99585.15944320039,99585.15944320039
2025-07-03 04:00:00,99585.15944320039,99585.15944320039
2025-07-03 08:00:00,99585.15944320039,99585.15944320039
2025-07-03 12:00:00,99585.15944320039,99585.15944320039
2025-07-03 16:00:00,99585.15944320039,99585.15944320039
2025-07-03 20:00:00,99585.15944320039,99585.15944320039
2025-07-04 00:00:00,99585.15944320039,99585.15944320039
2025-07-04 04:00:00,99585.15944320039,99585.15944320039
2025-07-04 08:00:00,99585.15944320039,99585.15944320039
2025-07-04 12:00:00,99585.15944320039,99585.15944320039
2025-07-04 16:00:00,99585.15944320039,99585.15944320039
2025-07-04 20:00:00,99585.15944320039,99585.15944320039
2025-07-07 00:00:00,99585.15944320039,99585.15944320039
2025-07-07 04:00:00,99585.15944320039,99585.15944320039
2025-07-07 08:00:00,99585.15944320039,99585.15944320039
2025-07-07 12:00:00,99585.15944320039,99585.15944320039
2025-07-07 16:00:00,99585.15944320039,99585.15944320039
2025-07-07 20:00:00,99585.15944320039,99585.15944320039
2025-07-08 00:00:00,99585.15944320039,99585.15944320039
2025-07-08 04:00:00,99585.15944320039,99585.15944320039
2025-07-08 08:00:00,99585.15944320039,99585.15944320039
2025-07-08 12:00:00,99585.15944320039,99585.15944320039
2025-07-08 16:00:00,99585.15944320039,99585.15944320039
2025-07-08 20:00:00,99585.15944320039,99585.15944320039
2025-07-09 00:00:00,99585.15944320039,99585.15944320039
2025-07-09 04:00:00,99585.15944320039,99585.15944320039
2025-07-09 08:00:00,99585.15944320039,99585.15944320039
2025-07-09 12:00:00,99585.15944320039,99585.15944320039
2025-07-09 16:00:00,99585.15944320039,99585.15944320039
2025-07-09 20:00:00,99585.15944320039,99585.15944320039
2025-07-10 00:00:00,99585.15944320039,99585.15944320039
2025-07-10 04:00:00,99585.15944320039,99585.15944320039
2025-07-10 08:00:00,99585.15944320039,99585.15944320039
2025-07-10 12:00:00,99585.15944320039,99585.15944320039
2025-07-10 16:00:00,99585.15944320039,99585.15944320039
2025-07-10 20:00:00,99585.15944320039,99585.15944320039
2025-07-11 00:00:00,99585.15944320039,99585.15944320039
2025-07-11 04:00:00,99585.15944320039,99585.15944320039
2025-07-11 08:00:00,99585.15944320039,99585.15944320039
2025-07-11 12:00:00,99585.15944320039,99585.15944320039
2025-07-11 16:00:00,99585.15944320039,99585.15944320039
2025-07-11 20:00:00,99585.15944320039,99585.15944320039
2025-07-12 00:00:00,99585.15944320039,99585.15944320039
2025-07-14 00:00:00,99585.15944320039,99585.15944320039
2025-07-14 04:00:00,99585.15944320039,99585.15944320039
2025-07-14 08:00:00,99585.15944320039,99585.15944320039
2025-07-14 12:00:00,99585.15944320039,99585.15944320039
2025-07-14 16:00:00,99585.15944320039,99585.15944320039
2025-07-14 20:00:00,99585.15944320039,99585.15944320039
2025-07-15 00:00:00,99585.15944320039,99585.15944320039
2025-07-15 04:00:00,99585.15944320039,99585.15944320039
2025-07-15 08:00:00,99585.15944320039,99585.15944320039
2025-07-15 12:00:00,99585.15944320039,99585.15944320039
2025-07-15 16:00:00,99585.15944320039,99585.15944320039
2025-07-15 20:00:00,99585.15944320039,99585.15944320039
2025-07-16 00:00:00,99585.15944320039,99585.15944320039
2025-07-16 04:00:00,99585.15944320039,99585.15944320039
2025-07-16 08:00:00,99585.15944320039,99585.15944320039
2025-07-16 12:00:00,99585.15944320039,99585.15944320039
2025-07-16 16:00:00,99585.15944320039,99585.15944320039
2025-07-16 20:00:00,99585.15944320039,99585.15944320039
2025-07-17 00:00:00,99585.15944320039,99585.15944320039
2025-07-17 04:00:00,99585.15944320039,99585.15944320039
2025-07-17 08:00:00,99585.15944320039,99585.15944320039
2025-07-17 12:00:00,99585.15944320039,99585.15944320039
2025-07-17 16:00:00,99585.15944320039,99585.15944320039
2025-07-17 20:00:00,99585.15944320039,99585.15944320039
2025-07-18 00:00:00,99585.15944320039,99585.15944320039
2025-07-18 04:00:00,99585.15944320039,99585.15944320039
2025-07-18 08:00:00,99585.15944320039,99585.15944320039
2025-07-18 12:00:00,99585.15944320039,99585.15944320039
2025-07-18 16:00:00,99585.15944320039,99585.15944320039
2025-07-18 20:00:00,99585.15944320039,99585.15944320039
2025-07-19 00:00:00,99585.15944320039,99585.15944320039
2025-07-21 00:00:00,99585.15944320039,99585.15944320039
2025-07-21 04:00:00,99585.15944320039,99585.15944320039
2025-07-21 08:00:00,99585.15944320039,99585.15944320039
2025-07-21 12:00:00,99585.15944320039,99585.15944320039
2025-07-21 16:00:00,99585.15944320039,99585.15944320039
2025-07-21 20:00:00,99585.15944320039,99585.15944320039
2025-07-22 00:00:00,99585.15944320039,99585.15944320039
2025-07-22 04:00:00,99585.15944320039,99585.15944320039
2025-07-22 08:00:00,99585.15944320039,99585.15944320039
2025-07-22 12:00:00,99585.15944320039,99585.15944320039
2025-07-22 16:00:00,99585.15944320039,99585.15944320039
2025-07-22 20:00:00,99585.15944320039,99585.15944320039
2025-07-23 00:00:00,99585.15944320039,99585.15944320039
2025-07-23 04:00:00,99585.15944320039,99585.15944320039
2025-07-23 08:00:00,99585.15944320039,99585.15944320039
2025-07-23 12:00:00,99585.15944320039,99585.15944320039
2025-07-23 16:00:00,99585.15944320039,99585.15944320039
2025-07-23 20:00:00,99585.15944320039,99585.15944320039
2025-07-24 00:00:00,99585.15944320039,99585.15944320039
2025-07-24 04:00:00,99585.15944320039,99585.15944320039
2025-07-24 08:00:00,99585.15944320039,99585.15944320039
2025-07-24 12:00:00,99585.15944320039,99585.15944320039
2025-07-24 16:00:00,99585.15944320039,99585.15944320039
2025-07-24 20:00:00,99585.15944320039,99585.15944320039
2025-07-25 00:00:00,99585.15944320039,99585.15944320039
2025-07-25 04:00:00,99585.15944320039,99585.15944320039
2025-07-25 08:00:00,99700.17376167499,89619.67154186773
2025-07-25 12:00:00,99700.04460551754,99700.04460551754
2025-07-25 16:00:00,99700.04460551754,99700.04460551754
2025-07-28 00:00:00,99700.04460551754,99700.04460551754
2025-07-28 04:00:00,99700.04460551754,99700.04460551754
2025-07-28 08:00:00,99700.04460551754,99700.04460551754
2025-07-28 12:00:00,99700.04460551754,99700.04460551754
2025-07-28 16:00:00,99700.04460551754,99700.04460551754
2025-07-28 20:00:00,99700.04460551754,99700.04460551754
2025-07-29 00:00:00,99700.04460551754,99700.04460551754
2025-07-29 04:00:00,99700.04460551754,99700.04460551754
2025-07-29 08:00:00,99700.04460551754,99700.04460551754
2025-07-29 12:00:00,99700.04460551754,99700.04460551754
2025-07-29 16:00:00,99700.04460551754,99700.04460551754
2025-07-29 20:00:00,99700.04460551754,99700.04460551754
2025-07-30 00:00:00,99700.04460551754,99700.04460551754
2025-07-30 04:00:00,99700.04460551754,99700.04460551754
2025-07-30 08:00:00,99700.04460551754,99700.04460551754
2025-07-30 12:00:00,99700.04460551754,99700.04460551754
2025-07-30 16:00:00,99700.04460551754,99700.04460551754
2025-07-30 20:00:00,99700.04460551754,99700.04460551754
2025-07-31 00:00:00,99700.04460551754,99700.04460551754
2025-07-31 04:00:00,99700.04460551754,99700.04460551754
2025-07-31 08:00:00,99700.04460551754,99700.04460551754
2025-07-31 12:00:00,99700.04460551754,99700.04460551754
2025-07-31 16:00:00,99700.04460551754,99700.04460551754
2025-07-31 20:00:00,99700.04460551754,99700.04460551754
2025-08-01 00:00:00,99700.04460551754,99700.04460551754
2025-08-01 04:00:00,99700.04460551754,99700.04460551754
2025-08-01 08:00:00,99700.04460551754,99700.04460551754
2025-08-01 12:00:00,99700.04460551754,99700.04460551754
2025-08-01 16:00:00,99700.04460551754,99700.04460551754
2025-08-01 20:00:00,99700.04460551754,99700.04460551754
2025-08-02 00:00:00,99765.1369267963,89723.06014484297
2025-08-04 00:00:00,99652.1939508098,99652.1939508098
2025-08-04 04:00:00,99652.1939508098,99652.1939508098
2025-08-04 08:00:00,99652.1939508098,99652.1939508098
2025-08-04 12:00:00,99652.1939508098,99652.1939508098
2025-08-04 16:00:00,99652.1939508098,99652.1939508098
2025-08-04 20:00:00,99652.1939508098,99652.1939508098
2025-08-05 00:00:00,99652.1939508098,99652.1939508098
2025-08-05 04:00:00,99652.1939508098,99652.1939508098
2025-08-05 08:00:00,99652.1939508098,99652.1939508098
2025-08-05 12:00:00,99652.1939508098,99652.1939508098
2025-08-05 16:00:00,99652.1939508098,99652.1939508098
2025-08-05 20:00:00,99656.33609501545,89679.99790563033
2025-08-06 00:00:00,99650.74253244919,99650.74253244919
2025-08-06 04:00:00,99650.74253244919,99650.74253244919
2025-08-06 08:00:00,99650.74253244919,99650.74253244919
2025-08-06 12:00:00,99650.74253244919,99650.74253244919
2025-08-06 16:00:00,99650.74253244919,99650.74253244919
2025-08-06 20:00:00,99650.74253244919,99650.74253244919
2025-08-07 00:00:00,99650.74253244919,99650.74253244919
2025-08-07 04:00:00,99650.74253244919,99650.74253244919
2025-08-07 08:00:00,99650.74253244919,99650.74253244919
2025-08-07 12:00:00,99650.74253244919,99650.74253244919
2025-08-07 16:00:00,99650.74253244919,99650.74253244919
2025-08-07 20:00:00,99650.74253244919,99650.74253244919
2025-08-08 00:00:00,99650.74253244919,99650.74253244919
2025-08-08 04:00:00,99650.74253244919,99650.74253244919
2025-08-08 08:00:00,99650.74253244919,99650.74253244919
2025-08-08 12:00:00,99650.74253244919,99650.74253244919
2025-08-08 16:00:00,99650.74253244919,99650.74253244919
2025-08-08 20:00:00,99650.74253244919,99650.74253244919
2025-08-09 00:00:00,99650.74253244919,99650.74253244919
2025-08-11 00:00:00,99650.74253244919,99650.74253244919
2025-08-11 04:00:00,99650.74253244919,99650.74253244919
2025-08-11 08:00:00,99650.74253244919,99650.74253244919
2025-08-11 12:00:00,99650.74253244919,99650.74253244919
2025-08-11 16:00:00,99650.74253244919,99650.74253244919
2025-08-11 20:00:00,99650.74253244919,99650.74253244919
2025-08-12 00:00:00,99650.74253244919,99650.74253244919
2025-08-12 04:00:00,99650.74253244919,99650.74253244919
2025-08-12 08:00:00,99650.74253244919,99650.74253244919
2025-08-12 12:00:00,99650.74253244919,99650.74253244919
2025-08-12 16:00:00,99650.74253244919,99650.74253244919
2025-08-12 20:00:00,99650.74253244919,99650.74253244919
2025-08-13 00:00:00,99650.74253244919,99650.74253244919
2025-08-13 04:00:00,99650.74253244919,99650.74253244919
2025-08-13 08:00:00,99650.74253244919,99650.74253244919
2025-08-13 12:00:00,99650.74253244919,99650.74253244919
2025-08-13 16:00:00,99650.74253244919,99650.74253244919
2025-08-13 20:00:00,99650.74253244919,99650.74253244919
2025-08-14 00:00:00,99650.74253244919,99650.74253244919
2025-08-14 04:00:00,99650.74253244919,99650.74253244919
2025-08-14 08:00:00,99650.74253244919,99650.74253244919
2025-08-14 12:00:00,99650.74253244919,99650.74253244919
2025-08-14 16:00:00,99650.74253244919,99650.74253244919
2025-08-14 20:00:00,99650.74253244919,99650.74253244919
2025-08-15 00:00:00,99650.74253244919,99650.74253244919
2025-08-15 04:00:00,99650.74253244919,99650.74253244919
2025-08-15 08:00:00,99650.74253244919,99650.74253244919
2025-08-15 12:00:00,99650.74253244919,99650.74253244919
2025-08-15 16:00:00,99650.74253244919,99650.74253244919
2025-08-15 20:00:00,99530.65376778357,89678.69173071957
2025-08-16 00:00:00,99524.87751865227,99524.87751865227
2025-08-18 00:00:00,99524.87751865227,99524.87751865227
2025-08-18 04:00:00,99524.87751865227,99524.87751865227
2025-08-18 08:00:00,99524.87751865227,99524.87751865227
2025-08-18 12:00:00,99524.87751865227,99524.87751865227
2025-08-18 16:00:00,99524.87751865227,99524.87751865227
2025-08-18 20:00:00,99524.87751865227,99524.87751865227
2025-08-19 00:00:00,99524.87751865227,99524.87751865227
2025-08-19 04:00:00,99524.87751865227,99524.87751865227
2025-08-19 08:00:00,99524.87751865227,99524.87751865227
2025-08-19 12:00:00,99524.87751865227,99524.87751865227
2025-08-19 16:00:00,99524.87751865227,99524.87751865227
2025-08-19 20:00:00,99524.87751865227,99524.87751865227
2025-08-20 00:00:00,99524.87751865227,99524.87751865227
2025-08-20 04:00:00,99524.87751865227,99524.87751865227
2025-08-20 08:00:00,99524.87751865227,99524.87751865227
2025-08-20 12:00:00,99524.87751865227,99524.87751865227
2025-08-20 16:00:00,99524.87751865227,99524.87751865227
2025-08-20 20:00:00,99524.87751865227,99524.87751865227
2025-08-21 00:00:00,99524.87751865227,99524.87751865227
2025-08-21 04:00:00,99524.87751865227,99524.87751865227
2025-08-21 08:00:00,99524.87751865227,99524.87751865227
2025-08-21 12:00:00,99524.87751865227,99524.87751865227
2025-08-21 16:00:00,99524.87751865227,99524.87751865227
2025-08-21 20:00:00,99524.87751865227,99524.87751865227
2025-08-22 00:00:00,99524.87751865227,99524.87751865227
2025-08-22 04:00:00,99524.87751865227,99524.87751865227
2025-08-22 08:00:00,99524.87751865227,99524.87751865227
2025-08-22 12:00:00,99524.87751865227,99524.87751865227
2025-08-22 16:00:00,99524.87751865227,99524.87751865227
2025-08-22 20:00:00,99524.87751865227,99524.87751865227
2025-08-23 00:00:00,99524.87751865227,99524.87751865227
2025-08-25 00:00:00,99524.87751865227,99524.87751865227
2025-08-25 04:00:00,99524.87751865227,99524.87751865227
2025-08-25 08:00:00,99524.87751865227,99524.87751865227
2025-08-25 12:00:00,99524.87751865227,99524.87751865227
2025-08-25 16:00:00,99524.87751865227,99524.87751865227
2025-08-25 20:00:00,99524.87751865227,99524.87751865227
2025-08-26 00:00:00,99427.94379099987,89565.42203011195
2025-08-26 04:00:00,99419.91722422217,99419.91722422217
2025-08-26 08:00:00,99419.91722422217,99419.91722422217
2025-08-26 12:00:00,99419.91722422217,99419.91722422217
2025-08-26 16:00:00,99419.91722422217,99419.91722422217
2025-08-26 20:00:00,99419.91722422217,99419.91722422217
2025-08-27 00:00:00,99419.91722422217,99419.91722422217
2025-08-27 04:00:00,99419.91722422217,99419.91722422217
2025-08-27 08:00:00,99419.91722422217,99419.91722422217
2025-08-27 12:00:00,99419.91722422217,99419.91722422217
2025-08-27 16:00:00,99419.91722422217,99419.91722422217
2025-08-27 20:00:00,99419.91722422217,99419.91722422217
2025-08-28 00:00:00,99419.91722422217,99419.91722422217
2025-08-28 04:00:00,99419.91722422217,99419.91722422217
2025-08-28 08:00:00,99419.91722422217,99419.91722422217
2025-08-28 12:00:00,99419.91722422217,99419.91722422217
2025-08-28 16:00:00,99419.91722422217,99419.91722422217
2025-08-28 20:00:00,99419.91722422217,99419.91722422217
2025-08-29 00:00:00,99419.91722422217,99419.91722422217
2025-08-29 04:00:00,99419.91722422217,99419.91722422217
2025-08-29 08:00:00,99419.91722422217,99419.91722422217
2025-08-29 12:00:00,99419.91722422217,99419.91722422217
2025-08-29 16:00:00,99419.91722422217,99419.91722422217
2025-09-01 00:00:00,99419.91722422217,99419.91722422217
2025-09-01 04:00:00,99419.91722422217,99419.91722422217
2025-09-01 08:00:00,99419.91722422217,99419.91722422217
2025-09-01 12:00:00,99419.91722422217,99419.91722422217
2025-09-01 16:00:00,99419.91722422217,99419.91722422217
2025-09-01 20:00:00,99419.91722422217,99419.91722422217
2025-09-02 00:00:00,99419.91722422217,99419.91722422217
2025-09-02 04:00:00,99419.91722422217,99419.91722422217
2025-09-02 08:00:00,99419.91722422217,99419.91722422217
2025-09-02 12:00:00,99419.91722422217,99419.91722422217
2025-09-02 16:00:00,99419.91722422217,99419.91722422217
2025-09-02 20:00:00,99419.91722422217,99419.91722422217
2025-09-03 00:00:00,99419.91722422217,99419.91722422217
2025-09-03 04:00:00,99419.91722422217,99419.91722422217
2025-09-03 08:00:00,99419.91722422217,99419.91722422217
2025-09-03 12:00:00,99419.91722422217,99419.91722422217
2025-09-03 16:00:00,99419.91722422217,99419.91722422217
2025-09-03 20:00:00,99419.91722422217,99419.91722422217
2025-09-04 00:00:00,99419.91722422217,99419.91722422217
2025-09-04 04:00:00,99419.91722422217,99419.91722422217
2025-09-04 08:00:00,99419.91722422217,99419.91722422217
2025-09-04 12:00:00,99419.91722422217,99419.91722422217
2025-09-04 16:00:00,99419.91722422217,99419.91722422217
2025-09-04 20:00:00,99419.91722422217,99419.91722422217
2025-09-05 00:00:00,99419.91722422217,99419.91722422217
2025-09-05 04:00:00,99419.91722422217,99419.91722422217
2025-09-05 08:00:00,99419.91722422217,99419.91722422217
2025-09-05 12:00:00,99419.91722422217,99419.91722422217
2025-09-05 16:00:00,99419.91722422217,99419.91722422217
2025-09-05 20:00:00,99542.66016405392,89470.96511339508
2025-09-06 00:00:00,99536.76823958864,99536.76823958864
2025-09-08 00:00:00,99536.76823958864,99536.76823958864
2025-09-08 04:00:00,99536.76823958864,99536.76823958864
2025-09-08 08:00:00,99536.76823958864,99536.76823958864
2025-09-08 12:00:00,99536.76823958864,99536.76823958864
2025-09-08 16:00:00,99536.76823958864,99536.76823958864
2025-09-08 20:00:00,99536.76823958864,99536.76823958864
2025-09-09 00:00:00,99536.76823958864,99536.76823958864
2025-09-09 04:00:00,99536.76823958864,99536.76823958864
2025-09-09 08:00:00,99536.76823958864,99536.76823958864
2025-09-09 12:00:00,99536.76823958864,99536.76823958864
2025-09-09 16:00:00,99536.76823958864,99536.76823958864
2025-09-09 20:00:00,99536.76823958864,99536.76823958864
2025-09-10 00:00:00,99536.76823958864,99536.76823958864
2025-09-10 04:00:00,99536.76823958864,99536.76823958864
2025-09-10 08:00:00,99536.76823958864,99536.76823958864
2025-09-10 12:00:00,99536.76823958864,99536.76823958864
2025-09-10 16:00:00,99536.76823958864,99536.76823958864
2025-09-10 20:00:00,99536.76823958864,99536.76823958864
2025-09-11 00:00:00,99536.76823958864,99536.76823958864
2025-09-11 04:00:00,99536.76823958864,99536.76823958864
2025-09-11 08:00:00,99536.76823958864,99536.76823958864
2025-09-11 12:00:00,99536.76823958864,99536.76823958864
2025-09-11 16:00:00,99536.76823958864,99536.76823958864
2025-09-11 20:00:00,99536.76823958864,99536.76823958864
2025-09-12 00:00:00,99536.76823958864,99536.76823958864
2025-09-12 04:00:00,99536.76823958864,99536.76823958864
2025-09-12 08:00:00,99536.76823958864,99536.76823958864
2025-09-12 12:00:00,99536.76823958864,99536.76823958864
2025-09-12 16:00:00,99536.76823958864,99536.76823958864
2025-09-12 20:00:00,99536.76823958864,99536.76823958864
2025-09-13 00:00:00,99536.76823958864,99536.76823958864
2025-09-15 00:00:00,99536.76823958864,99536.76823958864
2025-09-15 04:00:00,99536.76823958864,99536.76823958864
2025-09-15 08:00:00,99536.76823958864,99536.76823958864
2025-09-15 12:00:00,99536.76823958864,99536.76823958864
2025-09-15 16:00:00,99536.76823958864,99536.76823958864
2025-09-15 20:00:00,99536.76823958864,99536.76823958864
2025-09-16 00:00:00,99536.76823958864,99536.76823958864
2025-09-16 04:00:00,99536.76823958864,99536.76823958864
2025-09-16 08:00:00,99536.76823958864,99536.76823958864
2025-09-16 12:00:00,99536.76823958864,99536.76823958864
2025-09-16 16:00:00,99536.76823958864,99536.76823958864
2025-09-16 20:00:00,99536.76823958864,99536.76823958864
2025-09-17 00:00:00,99536.76823958864,99536.76823958864
2025-09-17 04:00:00,99536.76823958864,99536.76823958864
2025-09-17 08:00:00,99536.76823958864,99536.76823958864
2025-09-17 12:00:00,99536.76823958864,99536.76823958864
2025-09-17 16:00:00,99536.76823958864,99536.76823958864
2025-09-17 20:00:00,99536.76823958864,99536.76823958864
2025-09-18 00:00:00,99536.76823958864,99536.76823958864
2025-09-18 04:00:00,99536.76823958864,99536.76823958864
2025-09-18 08:00:00,99536.76823958864,99536.76823958864
2025-09-18 12:00:00,99536.76823958864,99536.76823958864
2025-09-18 16:00:00,99536.76823958864,99536.76823958864
2025-09-18 20:00:00,99536.76823958864,99536.76823958864
2025-09-19 00:00:00,99536.76823958864,99536.76823958864
2025-09-19 04:00:00,99536.76823958864,99536.76823958864
2025-09-19 08:00:00,99536.76823958864,99536.76823958864
2025-09-19 12:00:00,99536.76823958864,99536.76823958864
2025-09-19 16:00:00,99536.76823958864,99536.76823958864
2025-09-19 20:00:00,99536.76823958864,99536.76823958864
2025-09-20 00:00:00,99536.76823958864,99536.76823958864
2025-09-22 00:00:00,99536.76823958864,99536.76823958864
2025-09-22 04:00:00,99536.76823958864,99536.76823958864
2025-09-22 08:00:00,99273.27352058131,89576.12284648532
2025-09-22 12:00:00,99265.3317703776,99265.3317703776
2025-09-22 16:00:00,99265.3317703776,99265.3317703776
2025-09-22 20:00:00,99265.3317703776,99265.3317703776
2025-09-23 00:00:00,99265.3317703776,99265.3317703776
2025-09-23 04:00:00,99265.3317703776,99265.3317703776
2025-09-23 08:00:00,99265.3317703776,99265.3317703776
2025-09-23 12:00:00,99265.3317703776,99265.3317703776
2025-09-23 16:00:00,99265.3317703776,99265.3317703776
2025-09-23 20:00:00,99265.3317703776,99265.3317703776
2025-09-24 00:00:00,99265.3317703776,99265.3317703776
2025-09-24 04:00:00,99265.3317703776,99265.3317703776
2025-09-24 08:00:00,99265.3317703776,99265.3317703776
2025-09-24 12:00:00,99265.3317703776,99265.3317703776
2025-09-24 16:00:00,99265.3317703776,99265.3317703776
2025-09-24 20:00:00,99265.3317703776,99265.3317703776
2025-09-25 00:00:00,99265.3317703776,99265.3317703776
2025-09-25 04:00:00,99265.3317703776,99265.3317703776
2025-09-25 08:00:00,99132.51332388545,89331.8490274626
2025-09-25 12:00:00,99125.65383894439,99125.65383894439
2025-09-25 16:00:00,99125.65383894439,99125.65383894439
2025-09-25 20:00:00,99125.65383894439,99125.65383894439
2025-09-26 00:00:00,99125.65383894439,99125.65383894439
2025-09-26 04:00:00,99125.65383894439,99125.65383894439
2025-09-26 08:00:00,99125.65383894439,99125.65383894439
2025-09-26 12:00:00,99125.65383894439,99125.65383894439
2025-09-26 16:00:00,99125.65383894439,99125.65383894439
2025-09-29 00:00:00,99125.65383894439,99125.65383894439
2025-09-29 04:00:00,99125.65383894439,99125.65383894439
2025-09-29 08:00:00,99125.65383894439,99125.65383894439
2025-09-29 12:00:00,99125.65383894439,99125.65383894439
2025-09-29 16:00:00,99125.65383894439,99125.65383894439
2025-09-29 20:00:00,99125.65383894439,99125.65383894439
2025-09-30 00:00:00,99125.65383894439,99125.65383894439
2025-09-30 04:00:00,99125.65383894439,99125.65383894439
2025-09-30 08:00:00,99125.65383894439,99125.65383894439
2025-09-30 12:00:00,99125.65383894439,99125.65383894439
2025-09-30 16:00:00,99125.65383894439,99125.65383894439
2025-09-30 20:00:00,99125.65383894439,99125.65383894439
2025-10-01 00:00:00,99125.65383894439,99125.65383894439
2025-10-01 04:00:00,99125.65383894439,99125.65383894439
2025-10-01 08:00:00,99125.65383894439,99125.65383894439
2025-10-01 12:00:00,99125.65383894439,99125.65383894439
2025-10-01 16:00:00,99125.65383894439,99125.65383894439
2025-10-01 20:00:00,99125.65383894439,99125.65383894439
2025-10-02 00:00:00,99125.65383894439,99125.65383894439
2025-10-02 04:00:00,99125.65383894439,99125.65383894439
2025-10-02 08:00:00,99125.65383894439,99125.65383894439
2025-10-02 12:00:00,99125.65383894439,99125.65383894439
2025-10-02 16:00:00,99125.65383894439,99125.65383894439
2025-10-02 20:00:00,99125.65383894439,99125.65383894439
2025-10-03 00:00:00,99125.65383894439,99125.65383894439
2025-10-03 04:00:00,99125.65383894439,99125.65383894439
2025-10-03 08:00:00,99125.65383894439,99125.65383894439
2025-10-03 12:00:00,99125.65383894439,99125.65383894439
2025-10-03 16:00:00,99125.65383894439,99125.65383894439
2025-10-03 20:00:00,99125.65383894439,99125.65383894439
2025-10-04 00:00:00,99125.65383894439,99125.65383894439
2025-10-06 00:00:00,99125.65383894439,99125.65383894439
2025-10-06 04:00:00,99125.65383894439,99125.65383894439
2025-10-06 08:00:00,99125.65383894439,99125.65383894439
2025-10-06 12:00:00,99125.65383894439,99125.65383894439
2025-10-06 16:00:00,99125.65383894439,99125.65383894439
2025-10-06 20:00:00,99125.65383894439,99125.65383894439
2025-10-07 00:00:00,99125.65383894439,99125.65383894439
2025-10-07 04:00:00,99125.65383894439,99125.65383894439
2025-10-07 08:00:00,99125.65383894439,99125.65383894439
2025-10-07 12:00:00,99125.65383894439,99125.65383894439
2025-10-07 16:00:00,99125.65383894439,99125.65383894439
2025-10-07 20:00:00,99034.7369879341,89206.14866802469
2025-10-08 00:00:00,99026.7681110672,99026.7681110672
2025-10-08 04:00:00,99026.7681110672,99026.7681110672
2025-10-08 08:00:00,99026.7681110672,99026.7681110672
2025-10-08 12:00:00,99026.7681110672,99026.7681110672
2025-10-08 16:00:00,99026.7681110672,99026.7681110672
2025-10-08 20:00:00,99026.7681110672,99026.7681110672
2025-10-09 00:00:00,99026.7681110672,99026.7681110672
2025-10-09 04:00:00,99026.7681110672,99026.7681110672
2025-10-09 08:00:00,99026.7681110672,99026.7681110672
2025-10-09 12:00:00,99026.7681110672,99026.7681110672
2025-10-09 16:00:00,99026.7681110672,99026.7681110672
2025-10-09 20:00:00,99026.7681110672,99026.7681110672
2025-10-10 00:00:00,99026.7681110672,99026.7681110672
2025-10-10 04:00:00,99026.7681110672,99026.7681110672
2025-10-10 08:00:00,99026.7681110672,99026.7681110672
2025-10-10 12:00:00,99026.7681110672,99026.7681110672
2025-10-10 16:00:00,99026.7681110672,99026.7681110672
2025-10-10 20:00:00,98768.38834464792,89117.15843592503
2025-10-11 00:00:00,98754.41992975259,98754.41992975259
2025-10-13 00:00:00,98754.41992975259,98754.41992975259
2025-10-13 04:00:00,98754.41992975259,98754.41992975259
2025-10-13 08:00:00,98754.41992975259,98754.41992975259
2025-10-13 12:00:00,98754.41992975259,98754.41992975259
2025-10-13 16:00:00,98754.41992975259,98754.41992975259
2025-10-13 20:00:00,98754.41992975259,98754.41992975259
2025-10-14 00:00:00,98754.41992975259,98754.41992975259
2025-10-14 04:00:00,98754.41992975259,98754.41992975259
2025-10-14 08:00:00,98754.41992975259,98754.41992975259
2025-10-14 12:00:00,98754.41992975259,98754.41992975259
2025-10-14 16:00:00,98754.41992975259,98754.41992975259
2025-10-14 20:00:00,98754.41992975259,98754.41992975259
2025-10-15 00:00:00,98754.41992975259,98754.41992975259
2025-10-15 04:00:00,98754.41992975259,98754.41992975259
2025-10-15 08:00:00,98754.41992975259,98754.41992975259
2025-10-15 12:00:00,98754.41992975259,98754.41992975259
2025-10-15 16:00:00,98754.41992975259,98754.41992975259
2025-10-15 20:00:00,98754.41992975259,98754.41992975259
2025-10-16 00:00:00,98754.41992975259,98754.41992975259
2025-10-16 04:00:00,98754.41992975259,98754.41992975259
2025-10-16 08:00:00,98754.41992975259,98754.41992975259
2025-10-16 12:00:00,98754.41992975259,98754.41992975259
2025-10-16 16:00:00,98754.41992975259,98754.41992975259
2025-10-16 20:00:00,98754.41992975259,98754.41992975259
2025-10-17 00:00:00,98754.41992975259,98754.41992975259
2025-10-17 04:00:00,98754.41992975259,98754.41992975259
2025-10-17 08:00:00,98754.41992975259,98754.41992975259
2025-10-17 12:00:00,98754.41992975259,98754.41992975259
2025-10-17 16:00:00,98754.41992975259,98754.41992975259
2025-10-17 20:00:00,98754.41992975259,98754.41992975259
2025-10-18 00:00:00,98754.41992975259,98754.41992975259
2025-10-20 00:00:00,98754.41992975259,98754.41992975259
2025-10-20 04:00:00,98754.41992975259,98754.41992975259
2025-10-20 08:00:00,98754.41992975259,98754.41992975259
2025-10-20 12:00:00,98754.41992975259,98754.41992975259
2025-10-20 16:00:00,98754.41992975259,98754.41992975259
2025-10-20 20:00:00,98754.41992975259,98754.41992975259
2025-10-21 00:00:00,98754.41992975259,98754.41992975259
2025-10-21 04:00:00,98754.41992975259,98754.41992975259
2025-10-21 08:00:00,98754.41992975259,98754.41992975259
2025-10-21 12:00:00,98754.41992975259,98754.41992975259
2025-10-21 16:00:00,98754.41992975259,98754.41992975259
2025-10-21 20:00:00,98754.41992975259,98754.41992975259
2025-10-22 00:00:00,98754.41992975259,98754.41992975259
2025-10-22 04:00:00,98754.41992975259,98754.41992975259
2025-10-22 08:00:00,98754.41992975259,98754.41992975259
2025-10-22 12:00:00,98754.41992975259,98754.41992975259
2025-10-22 16:00:00,98754.41992975259,98754.41992975259
2025-10-22 20:00:00,98754.41992975259,98754.41992975259
2025-10-23 00:00:00,98754.41992975259,98754.41992975259
2025-10-23 04:00:00,98754.41992975259,98754.41992975259
2025-10-23 08:00:00,98754.41992975259,98754.41992975259
2025-10-23 12:00:00,98754.41992975259,98754.41992975259
2025-10-23 16:00:00,98754.41992975259,98754.41992975259
2025-10-23 20:00:00,98754.41992975259,98754.41992975259
2025-10-24 00:00:00,98754.41992975259,98754.41992975259
2025-10-24 04:00:00,98754.41992975259,98754.41992975259
2025-10-24 08:00:00,98754.41992975259,98754.41992975259
2025-10-24 12:00:00,98754.41992975259,98754.41992975259
2025-10-24 16:00:00,98754.41992975259,98754.41992975259
2025-10-24 20:00:00,98754.41992975259,98754.41992975259
2025-10-25 00:00:00,98754.41992975259,98754.41992975259
2025-10-27 00:00:00,98754.41992975259,98754.41992975259
2025-10-27 04:00:00,98754.41992975259,98754.41992975259
2025-10-27 08:00:00,98754.41992975259,98754.41992975259
2025-10-27 12:00:00,98754.41992975259,98754.41992975259
2025-10-27 16:00:00,98754.41992975259,98754.41992975259
2025-10-27 20:00:00,98754.41992975259,98754.41992975259
2025-10-28 00:00:00,98754.41992975259,98754.41992975259
2025-10-28 04:00:00,98754.41992975259,98754.41992975259
2025-10-28 08:00:00,98754.41992975259,98754.41992975259
2025-10-28 12:00:00,98754.41992975259,98754.41992975259
2025-10-28 16:00:00,98754.41992975259,98754.41992975259
2025-10-28 20:00:00,98754.41992975259,98754.41992975259
2025-10-29 00:00:00,98754.41992975259,98754.41992975259
2025-10-29 04:00:00,98754.41992975259,98754.41992975259
2025-10-29 08:00:00,98754.41992975259,98754.41992975259
2025-10-29 12:00:00,98754.41992975259,98754.41992975259
2025-10-29 16:00:00,98754.41992975259,98754.41992975259
2025-10-29 20:00:00,98754.41992975259,98754.41992975259
2025-10-30 00:00:00,98754.41992975259,98754.41992975259
2025-10-30 04:00:00,98754.41992975259,98754.41992975259
2025-10-30 08:00:00,98754.41992975259,98754.41992975259
2025-10-30 12:00:00,98754.41992975259,98754.41992975259
2025-10-30 16:00:00,98754.41992975259,98754.41992975259
2025-10-30 20:00:00,98513.34212211751,88872.06413983804
2025-10-31 00:00:00,98505.28692842137,98505.28692842137
2025-10-31 04:00:00,98505.28692842137,98505.28692842137
2025-10-31 08:00:00,98505.28692842137,98505.28692842137
2025-10-31 12:00:00,98505.28692842137,98505.28692842137
2025-10-31 16:00:00,98505.28692842137,98505.28692842137
2025-11-03 00:00:00,98505.28692842137,98505.28692842137
2025-11-03 04:00:00,98505.28692842137,98505.28692842137
2025-11-03 08:00:00,98456.37285558543,88647.86188044137
2025-11-03 12:00:00,98441.63507072316,98441.63507072316
2025-11-03 16:00:00,98441.63507072316,98441.63507072316
2025-11-03 20:00:00,98544.03169260759,88590.57966477955
2025-11-04 00:00:00,98541.16072264782,98541.16072264782
2025-11-04 04:00:00,98541.16072264782,98541.16072264782
2025-11-04 08:00:00,98541.16072264782,98541.16072264782
2025-11-04 12:00:00,98643.92386963047,88680.14578372084
2025-11-04 16:00:00,98631.33046436345,98631.33046436345
2025-11-04 20:00:00,98631.33046436345,98631.33046436345
2025-11-05 00:00:00,98770.23076265983,88761.29223848128
2025-11-05 04:00:00,98767.77873872704,98767.77873872704
2025-11-05 08:00:00,98767.77873872704,98767.77873872704
2025-11-05 12:00:00,98767.77873872704,98767.77873872704
2025-11-05 16:00:00,98767.77873872704,98767.77873872704
2025-11-05 20:00:00,98767.77873872704,98767.77873872704
2025-11-06 00:00:00,98767.77873872704,98767.77873872704
2025-11-06 04:00:00,98767.77873872704,98767.77873872704
2025-11-06 08:00:00,98767.77873872704,98767.77873872704
2025-11-06 12:00:00,98767.77873872704,98767.77873872704
2025-11-06 16:00:00,98767.77873872704,98767.77873872704
2025-11-06 20:00:00,98767.77873872704,98767.77873872704
2025-11-07 00:00:00,98767.77873872704,98767.77873872704
2025-11-07 04:00:00,98767.77873872704,98767.77873872704
2025-11-07 08:00:00,98767.77873872704,98767.77873872704
2025-11-07 12:00:00,98767.77873872704,98767.77873872704
2025-11-07 16:00:00,98767.77873872704,98767.77873872704
2025-11-07 20:00:00,98767.77873872704,98767.77873872704
2025-11-08 00:00:00,98767.77873872704,98767.77873872704
2025-11-10 00:00:00,98767.77873872704,98767.77873872704
2025-11-10 04:00:00,98767.77873872704,98767.77873872704
2025-11-10 08:00:00,98767.77873872704,98767.77873872704
2025-11-10 12:00:00,98767.77873872704,98767.77873872704
2025-11-10 16:00:00,98767.77873872704,98767.77873872704
2025-11-10 20:00:00,98767.77873872704,98767.77873872704
2025-11-11 00:00:00,98767.77873872704,98767.77873872704
2025-11-11 04:00:00,98767.77873872704,98767.77873872704
2025-11-11 08:00:00,98767.77873872704,98767.77873872704
2025-11-11 12:00:00,98767.77873872704,98767.77873872704
2025-11-11 16:00:00,98767.77873872704,98767.77873872704
2025-11-11 20:00:00,98767.77873872704,98767.77873872704
2025-11-12 00:00:00,98767.77873872704,98767.77873872704
2025-11-12 04:00:00,98767.77873872704,98767.77873872704
2025-11-12 08:00:00,98767.77873872704,98767.77873872704
2025-11-12 12:00:00,98767.77873872704,98767.77873872704
2025-11-12 16:00:00,98767.77873872704,98767.77873872704
2025-11-12 20:00:00,98767.77873872704,98767.77873872704
2025-11-13 00:00:00,98767.77873872704,98767.77873872704
2025-11-13 04:00:00,98767.77873872704,98767.77873872704
2025-11-13 08:00:00,98767.77873872704,98767.77873872704
2025-11-13 12:00:00,98767.77873872704,98767.77873872704
2025-11-13 16:00:00,98767.77873872704,98767.77873872704
2025-11-13 20:00:00,98767.77873872704,98767.77873872704
2025-11-14 00:00:00,98865.95255221479,88884.08613266483
2025-11-14 04:00:00,98851.24455315745,98851.24455315745
2025-11-14 08:00:00,98851.24455315745,98851.24455315745
2025-11-14 12:00:00,98851.24455315745,98851.24455315745
2025-11-14 16:00:00,98851.24455315745,98851.24455315745
2025-11-14 20:00:00,98851.24455315745,98851.24455315745
2025-11-15 00:00:00,98851.24455315745,98851.24455315745
2025-11-17 00:00:00,98851.24455315745,98851.24455315745
2025-11-17 04:00:00,98851.24455315745,98851.24455315745
2025-11-17 08:00:00,98851.24455315745,98851.24455315745
2025-11-17 12:00:00,98851.24455315745,98851.24455315745
2025-11-17 16:00:00,98851.24455315745,98851.24455315745
2025-11-17 20:00:00,98851.24455315745,98851.24455315745
2025-11-18 00:00:00,99016.7582182765,88959.19952221053
2025-11-18 04:00:00,99009.71893294512,99009.71893294512
2025-11-18 08:00:00,99009.71893294512,99009.71893294512
2025-11-18 12:00:00,99009.71893294512,99009.71893294512
2025-11-18 16:00:00,99009.71893294512,99009.71893294512
2025-11-18 20:00:00,99009.71893294512,99009.71893294512
2025-11-19 00:00:00,99009.71893294512,99009.71893294512
2025-11-19 04:00:00,99009.71893294512,99009.71893294512
2025-11-19 08:00:00,99009.71893294512,99009.71893294512
2025-11-19 12:00:00,99009.71893294512,99009.71893294512
2025-11-19 16:00:00,99009.71893294512,99009.71893294512
2025-11-19 20:00:00,99009.71893294512,99009.71893294512
2025-11-20 00:00:00,99009.71893294512,99009.71893294512
2025-11-20 04:00:00,99009.71893294512,99009.71893294512
2025-11-20 08:00:00,99009.71893294512,99009.71893294512
2025-11-20 12:00:00,99009.71893294512,99009.71893294512
2025-11-20 16:00:00,99009.71893294512,99009.71893294512
2025-11-20 20:00:00,99009.71893294512,99009.71893294512
2025-11-21 00:00:00,99009.71893294512,99009.71893294512
2025-11-21 04:00:00,99009.71893294512,99009.71893294512
2025-11-21 08:00:00,99009.71893294512,99009.71893294512
2025-11-21 12:00:00,99009.71893294512,99009.71893294512
2025-11-21 16:00:00,99009.71893294512,99009.71893294512
2025-11-21 20:00:00,99009.71893294512,99009.71893294512
2025-11-22 00:00:00,99009.71893294512,99009.71893294512
2025-11-24 00:00:00,99009.71893294512,99009.71893294512
2025-11-24 04:00:00,99009.71893294512,99009.71893294512
2025-11-24 08:00:00,99009.71893294512,99009.71893294512
2025-11-24 12:00:00,99009.71893294512,99009.71893294512
2025-11-24 16:00:00,99009.71893294512,99009.71893294512
2025-11-24 20:00:00,99009.71893294512,99009.71893294512
2025-11-25 00:00:00,99009.71893294512,99009.71893294512
2025-11-25 04:00:00,99009.71893294512,99009.71893294512
2025-11-25 08:00:00,99009.71893294512,99009.71893294512
2025-11-25 12:00:00,99009.71893294512,99009.71893294512
2025-11-25 16:00:00,99009.71893294512,99009.71893294512
2025-11-25 20:00:00,99009.71893294512,99009.71893294512
2025-11-26 00:00:00,99009.71893294512,99009.71893294512
2025-11-26 04:00:00,99009.71893294512,99009.71893294512
2025-11-26 08:00:00,99009.71893294512,99009.71893294512
2025-11-26 12:00:00,99009.71893294512,99009.71893294512
2025-11-26 16:00:00,99009.71893294512,99009.71893294512
2025-11-26 20:00:00,99009.71893294512,99009.71893294512
2025-11-27 00:00:00,99009.71893294512,99009.71893294512
2025-11-27 04:00:00,99009.71893294512,99009.71893294512
2025-11-27 08:00:00,99009.71893294512,99009.71893294512
2025-11-27 12:00:00,99009.71893294512,99009.71893294512
2025-11-27 16:00:00,99009.71893294512,99009.71893294512
2025-11-27 20:00:00,99009.71893294512,99009.71893294512
2025-11-28 00:00:00,99009.71893294512,99009.71893294512
2025-11-28 04:00:00,99009.71893294512,99009.71893294512
2025-11-28 16:00:00,99009.71893294512,99009.71893294512
2025-12-01 00:00:00,99009.71893294512,99009.71893294512
2025-12-01 04:00:00,99009.71893294512,99009.71893294512
2025-12-01 08:00:00,99069.14298244243,89101.81536922812
2025-12-01 12:00:00,99056.93190688135,99056.93190688135
2025-12-01 16:00:00,99056.93190688135,99056.93190688135
2025-12-01 20:00:00,99021.24832033104,89144.30374039042
2025-12-02 00:00:00,99012.53991621986,99012.53991621986
2025-12-02 04:00:00,99012.53991621986,99012.53991621986
2025-12-02 08:00:00,99012.53991621986,99012.53991621986
2025-12-02 12:00:00,99012.53991621986,99012.53991621986
2025-12-02 16:00:00,99012.53991621986,99012.53991621986
2025-12-02 20:00:00,99012.53991621986,99012.53991621986
2025-12-03 00:00:00,99012.53991621986,99012.53991621986
2025-12-03 04:00:00,99012.53991621986,99012.53991621986
2025-12-03 08:00:00,99012.53991621986,99012.53991621986
2025-12-03 12:00:00,99012.53991621986,99012.53991621986
2025-12-03 16:00:00,99012.53991621986,99012.53991621986
2025-12-03 20:00:00,99012.53991621986,99012.53991621986
2025-12-04 00:00:00,99012.53991621986,99012.53991621986
2025-12-04 04:00:00,99012.53991621986,99012.53991621986
2025-12-04 08:00:00,99012.53991621986,99012.53991621986
2025-12-04 12:00:00,99012.53991621986,99012.53991621986
2025-12-04 16:00:00,99012.53991621986,99012.53991621986
2025-12-04 20:00:00,99012.53991621986,99012.53991621986
2025-12-05 00:00:00,99012.53991621986,99012.53991621986
2025-12-05 04:00:00,99012.53991621986,99012.53991621986
2025-12-05 08:00:00,99012.53991621986,99012.53991621986
2025-12-05 12:00:00,99012.53991621986,99012.53991621986
2025-12-05 16:00:00,99012.53991621986,99012.53991621986
2025-12-05 20:00:00,99012.53991621986,99012.53991621986
2025-12-06 00:00:00,99012.53991621986,99012.53991621986
2025-12-08 00:00:00,99012.53991621986,99012.53991621986
2025-12-08 04:00:00,99012.53991621986,99012.53991621986
2025-12-08 08:00:00,99012.53991621986,99012.53991621986
2025-12-08 12:00:00,99012.53991621986,99012.53991621986
2025-12-08 16:00:00,99012.53991621986,99012.53991621986
2025-12-08 20:00:00,99012.53991621986,99012.53991621986
2025-12-09 00:00:00,99012.53991621986,99012.53991621986
2025-12-09 04:00:00,99012.53991621986,99012.53991621986
2025-12-09 08:00:00,99012.53991621986,99012.53991621986
2025-12-09 12:00:00,99012.53991621986,99012.53991621986
2025-12-09 16:00:00,99012.53991621986,99012.53991621986
2025-12-09 20:00:00,99012.53991621986,99012.53991621986
2025-12-10 00:00:00,99012.53991621986,99012.53991621986
2025-12-10 04:00:00,99012.53991621986,99012.53991621986
2025-12-10 08:00:00,99012.53991621986,99012.53991621986
2025-12-10 12:00:00,99012.53991621986,99012.53991621986
2025-12-10 16:00:00,99012.53991621986,99012.53991621986
2025-12-10 20:00:00,99012.53991621986,99012.53991621986
2025-12-11 00:00:00,99012.53991621986,99012.53991621986
2025-12-11 04:00:00,99012.53991621986,99012.53991621986
2025-12-11 08:00:00,99042.77259252912,89104.35405667833
2025-12-11 12:00:00,99034.26925453069,99034.26925453069
2025-12-11 16:00:00,99034.26925453069,99034.26925453069
2025-12-11 20:00:00,99034.26925453069,99034.26925453069
2025-12-12 00:00:00,99034.26925453069,99034.26925453069
2025-12-12 04:00:00,99034.26925453069,99034.26925453069
2025-12-12 08:00:00,99034.26925453069,99034.26925453069
2025-12-12 12:00:00,99034.26925453069,99034.26925453069
2025-12-12 16:00:00,99034.26925453069,99034.26925453069
2025-12-12 20:00:00,99045.04931187352,89123.90893988711
2025-12-13 00:00:00,99030.05957441257,99030.05957441257
2025-12-15 00:00:00,99030.05957441257,99030.05957441257
2025-12-15 04:00:00,99030.05957441257,99030.05957441257
2025-12-15 08:00:00,99030.05957441257,99030.05957441257
2025-12-15 12:00:00,99030.05957441257,99030.05957441257
2025-12-15 16:00:00,99030.05957441257,99030.05957441257
2025-12-15 20:00:00,98794.73460536332,89120.12052250051
2025-12-16 00:00:00,98784.67942896522,98784.67942896522
2025-12-16 04:00:00,98784.67942896522,98784.67942896522
2025-12-16 08:00:00,98784.67942896522,98784.67942896522
2025-12-16 12:00:00,98784.67942896522,98784.67942896522
2025-12-16 16:00:00,98784.67942896522,98784.67942896522
2025-12-16 20:00:00,98784.67942896522,98784.67942896522
2025-12-17 00:00:00,98784.67942896522,98784.67942896522
2025-12-17 04:00:00,98784.67942896522,98784.67942896522
2025-12-17 08:00:00,98784.67942896522,98784.67942896522
2025-12-17 12:00:00,98784.67942896522,98784.67942896522
2025-12-17 16:00:00,98784.67942896522,98784.67942896522
2025-12-17 20:00:00,98784.67942896522,98784.67942896522
2025-12-18 00:00:00,98784.67942896522,98784.67942896522
2025-12-18 04:00:00,98784.67942896522,98784.67942896522
2025-12-18 08:00:00,98784.67942896522,98784.67942896522
2025-12-18 12:00:00,98784.67942896522,98784.67942896522
2025-12-18 16:00:00,98784.67942896522,98784.67942896522
2025-12-18 20:00:00,98784.67942896522,98784.67942896522
2025-12-19 00:00:00,98935.69123888943,88899.29557066188
2025-12-19 04:00:00,98932.21321930767,98932.21321930767
2025-12-19 08:00:00,98932.21321930767,98932.21321930767
2025-12-19 12:00:00,98932.21321930767,98932.21321930767
2025-12-19 16:00:00,98932.21321930767,98932.21321930767
2025-12-19 20:00:00,98932.21321930767,98932.21321930767
2025-12-20 00:00:00,98932.21321930767,98932.21321930767
2025-12-22 00:00:00,98932.21321930767,98932.21321930767
2025-12-22 04:00:00,98932.21321930767,98932.21321930767
2025-12-22 08:00:00,98932.21321930767,98932.21321930767
2025-12-22 12:00:00,98932.21321930767,98932.21321930767
2025-12-22 16:00:00,98932.21321930767,98932.21321930767
2025-12-22 20:00:00,98932.21321930767,98932.21321930767
2025-12-23 00:00:00,98932.21321930767,98932.21321930767
2025-12-23 04:00:00,98932.21321930767,98932.21321930767
2025-12-23 08:00:00,98932.21321930767,98932.21321930767
2025-12-23 12:00:00,98932.21321930767,98932.21321930767
2025-12-23 16:00:00,98932.21321930767,98932.21321930767
2025-12-23 20:00:00,98932.21321930767,98932.21321930767
2025-12-24 00:00:00,98932.21321930767,98932.21321930767
2025-12-24 04:00:00,98932.21321930767,98932.21321930767
2025-12-24 08:00:00,98932.21321930767,98932.21321930767
2025-12-24 12:00:00,98932.21321930767,98932.21321930767
2025-12-24 16:00:00,98932.21321930767,98932.21321930767
2025-12-24 20:00:00,98932.21321930767,98932.21321930767
2025-12-26 00:00:00,98932.21321930767,98932.21321930767
2025-12-26 04:00:00,98932.21321930767,98932.21321930767
2025-12-26 08:00:00,98932.21321930767,98932.21321930767
2025-12-26 12:00:00,98932.21321930767,98932.21321930767
2025-12-26 16:00:00,98932.21321930767,98932.21321930767
2025-12-29 00:00:00,98932.21321930767,98932.21321930767
2025-12-29 04:00:00,98932.21321930767,98932.21321930767
2025-12-29 08:00:00,98932.21321930767,98932.21321930767
2025-12-29 12:00:00,98932.21321930767,98932.21321930767
2025-12-29 16:00:00,98932.21321930767,98932.21321930767
2025-12-29 20:00:00,98932.21321930767,98932.21321930767
2025-12-30 00:00:00,98932.21321930767,98932.21321930767
2025-12-30 04:00:00,98932.21321930767,98932.21321930767
2025-12-30 08:00:00,98932.21321930767,98932.21321930767
2025-12-30 12:00:00,98932.21321930767,98932.21321930767
2025-12-30 16:00:00,98932.21321930767,98932.21321930767
2025-12-30 20:00:00,98932.21321930767,98932.21321930767
2025-12-31 00:00:00,98932.21321930767,98932.21321930767
2025-12-31 04:00:00,98932.21321930767,98932.21321930767
2025-12-31 08:00:00,98932.21321930767,98932.21321930767
2025-12-31 12:00:00,98932.21321930767,98932.21321930767
2025-12-31 16:00:00,98932.21321930767,98932.21321930767
2025-12-31 20:00:00,98932.21321930767,98932.21321930767
2026-01-01 00:00:00,98932.21321930767,98932.21321930767
