time_utc,portfolio_value,cash
2025-05-19T00:00:00+00:00,100000.0,100000.0
2025-05-19T08:00:00+00:00,100000.0,100000.0
2025-05-19T12:00:00+00:00,100000.0,100000.0
2025-05-19T16:00:00+00:00,100000.0,100000.0
2025-05-19T20:00:00+00:00,100000.0,100000.0
2025-05-20T00:00:00+00:00,100000.0,100000.0
2025-05-20T08:00:00+00:00,100000.0,100000.0
2025-05-20T12:00:00+00:00,100000.0,100000.0
2025-05-20T16:00:00+00:00,100000.0,100000.0
2025-05-20T20:00:00+00:00,100000.0,100000.0
2025-05-21T08:00:00+00:00,100000.0,100000.0
2025-05-21T12:00:00+00:00,100000.0,100000.0
2025-05-21T16:00:00+00:00,100000.0,100000.0
2025-05-21T20:00:00+00:00,100000.0,100000.0
2025-05-22T04:00:00+00:00,100000.0,100000.0
2025-05-22T12:00:00+00:00,100000.0,100000.0
2025-05-22T16:00:00+00:00,100000.0,100000.0
2025-05-22T20:00:00+00:00,100000.0,100000.0
2025-05-23T00:00:00+00:00,100000.0,100000.0
2025-05-23T04:00:00+00:00,100000.0,100000.0
2025-05-23T08:00:00+00:00,100000.0,100000.0
2025-05-23T12:00:00+00:00,100000.0,100000.0
2025-05-23T16:00:00+00:00,100002.7206358273,89994.16242424077
2025-05-23T20:00:00+00:00,99999.60125324724,99999.60125324724
2025-05-26T00:00:00+00:00,99999.60125324724,99999.60125324724
2025-05-26T04:00:00+00:00,99999.60125324724,99999.60125324724
2025-05-26T08:00:00+00:00,99999.60125324724,99999.60125324724
2025-05-27T04:00:00+00:00,99999.60125324724,99999.60125324724
2025-05-27T08:00:00+00:00,99999.60125324724,99999.60125324724
2025-05-27T12:00:00+00:00,99999.60125324724,99999.60125324724
2025-05-27T16:00:00+00:00,99999.60125324724,99999.60125324724
2025-05-27T20:00:00+00:00,99999.60125324724,99999.60125324724
2025-05-28T00:00:00+00:00,99999.60125324724,99999.60125324724
2025-05-28T04:00:00+00:00,99999.60125324724,99999.60125324724
2025-05-28T08:00:00+00:00,99999.60125324724,99999.60125324724
2025-05-28T12:00:00+00:00,99999.60125324724,99999.60125324724
2025-05-28T16:00:00+00:00,99999.60125324724,99999.60125324724
2025-05-28T20:00:00+00:00,99999.60125324724,99999.60125324724
2025-05-29T00:00:00+00:00,99999.60125324724,99999.60125324724
2025-05-29T04:00:00+00:00,99999.60125324724,99999.60125324724
2025-05-29T08:00:00+00:00,99999.60125324724,99999.60125324724
2025-05-29T12:00:00+00:00,99999.60125324724,99999.60125324724
2025-05-29T16:00:00+00:00,99999.60125324724,99999.60125324724
2025-05-29T20:00:00+00:00,99869.79985136715,89999.17286255784
2025-05-30T00:00:00+00:00,99863.82462424434,99863.82462424434
2025-05-30T04:00:00+00:00,99863.82462424434,99863.82462424434
2025-06-02T12:00:00+00:00,99863.82462424434,99863.82462424434
2025-06-02T16:00:00+00:00,99863.82462424434,99863.82462424434
2025-06-02T20:00:00+00:00,99863.82462424434,99863.82462424434
2025-06-03T00:00:00+00:00,99863.82462424434,99863.82462424434
2025-06-03T04:00:00+00:00,99863.82462424434,99863.82462424434
2025-06-03T08:00:00+00:00,99863.82462424434,99863.82462424434
2025-06-03T12:00:00+00:00,99863.82462424434,99863.82462424434
2025-06-03T16:00:00+00:00,99863.82462424434,99863.82462424434
2025-06-03T20:00:00+00:00,99863.82462424434,99863.82462424434
2025-06-04T00:00:00+00:00,99863.82462424434,99863.82462424434
2025-06-04T04:00:00+00:00,99863.82462424434,99863.82462424434
2025-06-04T08:00:00+00:00,99863.82462424434,99863.82462424434
2025-06-04T12:00:00+00:00,99863.82462424434,99863.82462424434
2025-06-04T16:00:00+00:00,99863.82462424434,99863.82462424434
2025-06-04T20:00:00+00:00,99863.82462424434,99863.82462424434
2025-06-05T00:00:00+00:00,99863.82462424434,99863.82462424434
2025-06-05T08:00:00+00:00,99863.82462424434,99863.82462424434
2025-06-05T12:00:00+00:00,99863.82462424434,99863.82462424434
2025-06-05T16:00:00+00:00,99863.82462424434,99863.82462424434
2025-06-05T20:00:00+00:00,99863.82462424434,99863.82462424434
2025-06-06T00:00:00+00:00,99827.07707012008,89880.37072437316
2025-06-06T04:00:00+00:00,99972.34619099974,90836.95140583284
2025-06-06T08:00:00+00:00,99965.9523281896,99965.9523281896
2025-06-06T12:00:00+00:00,99965.9523281896,99965.9523281896
2025-06-06T16:00:00+00:00,99965.9523281896,99965.9523281896
2025-06-06T20:00:00+00:00,99965.9523281896,99965.9523281896
2025-06-07T00:00:00+00:00,99965.9523281896,99965.9523281896
2025-06-09T00:00:00+00:00,99965.9523281896,99965.9523281896
2025-06-09T04:00:00+00:00,99965.9523281896,99965.9523281896
2025-06-09T08:00:00+00:00,99965.9523281896,99965.9523281896
2025-06-09T12:00:00+00:00,99965.9523281896,99965.9523281896
2025-06-09T16:00:00+00:00,99965.9523281896,99965.9523281896
2025-06-09T20:00:00+00:00,99965.9523281896,99965.9523281896
2025-06-10T00:00:00+00:00,99965.9523281896,99965.9523281896
2025-06-10T04:00:00+00:00,99965.9523281896,99965.9523281896
2025-06-10T08:00:00+00:00,99965.9523281896,99965.9523281896
2025-06-10T12:00:00+00:00,99965.9523281896,99965.9523281896
2025-06-10T16:00:00+00:00,99965.9523281896,99965.9523281896
2025-06-10T20:00:00+00:00,99965.9523281896,99965.9523281896
2025-06-11T00:00:00+00:00,99965.9523281896,99965.9523281896
2025-06-11T04:00:00+00:00,99965.9523281896,99965.9523281896
2025-06-11T08:00:00+00:00,99965.9523281896,99965.9523281896
2025-06-11T12:00:00+00:00,99965.9523281896,99965.9523281896
2025-06-11T16:00:00+00:00,99965.9523281896,99965.9523281896
2025-06-11T20:00:00+00:00,99965.9523281896,99965.9523281896
2025-06-12T00:00:00+00:00,99965.9523281896,99965.9523281896
2025-06-12T04:00:00+00:00,99965.9523281896,99965.9523281896
2025-06-12T08:00:00+00:00,99965.9523281896,99965.9523281896
2025-06-12T12:00:00+00:00,99965.9523281896,99965.9523281896
2025-06-12T16:00:00+00:00,99965.9523281896,99965.9523281896
2025-06-12T20:00:00+00:00,99965.9523281896,99965.9523281896
2025-06-13T00:00:00+00:00,99965.9523281896,99965.9523281896
2025-06-13T04:00:00+00:00,99965.9523281896,99965.9523281896
2025-06-13T08:00:00+00:00,99965.9523281896,99965.9523281896
2025-06-13T12:00:00+00:00,99965.9523281896,99965.9523281896
2025-06-13T16:00:00+00:00,99965.9523281896,99965.9523281896
2025-06-13T20:00:00+00:00,99965.9523281896,99965.9523281896
2025-06-14T00:00:00+00:00,99965.9523281896,99965.9523281896
2025-06-16T00:00:00+00:00,99965.9523281896,99965.9523281896
2025-06-16T04:00:00+00:00,99965.9523281896,99965.9523281896
2025-06-16T08:00:00+00:00,99965.9523281896,99965.9523281896
2025-06-16T12:00:00+00:00,99965.9523281896,99965.9523281896
2025-06-16T16:00:00+00:00,99965.9523281896,99965.9523281896
2025-06-16T20:00:00+00:00,99965.9523281896,99965.9523281896
2025-06-17T00:00:00+00:00,99965.9523281896,99965.9523281896
2025-06-17T04:00:00+00:00,99965.9523281896,99965.9523281896
2025-06-17T08:00:00+00:00,99965.9523281896,99965.9523281896
2025-06-17T12:00:00+00:00,99965.9523281896,99965.9523281896
2025-06-17T16:00:00+00:00,99965.9523281896,99965.9523281896
2025-06-17T20:00:00+00:00,99965.9523281896,99965.9523281896
2025-06-18T00:00:00+00:00,99965.9523281896,99965.9523281896
2025-06-18T04:00:00+00:00,99965.9523281896,99965.9523281896
2025-06-18T08:00:00+00:00,99965.9523281896,99965.9523281896
2025-06-18T12:00:00+00:00,99965.9523281896,99965.9523281896
2025-06-18T16:00:00+00:00,99965.9523281896,99965.9523281896
2025-06-18T20:00:00+00:00,99965.9523281896,99965.9523281896
2025-06-19T00:00:00+00:00,99965.9523281896,99965.9523281896
2025-06-19T04:00:00+00:00,99965.9523281896,99965.9523281896
2025-06-19T08:00:00+00:00,99965.9523281896,99965.9523281896
2025-06-19T12:00:00+00:00,99965.9523281896,99965.9523281896
2025-06-19T16:00:00+00:00,99965.9523281896,99965.9523281896
2025-06-19T20:00:00+00:00,99965.9523281896,99965.9523281896
2025-06-20T00:00:00+00:00,99965.9523281896,99965.9523281896
2025-06-20T04:00:00+00:00,99965.9523281896,99965.9523281896
2025-06-20T08:00:00+00:00,99965.9523281896,99965.9523281896
2025-06-20T12:00:00+00:00,99965.9523281896,99965.9523281896
2025-06-20T16:00:00+00:00,99965.9523281896,99965.9523281896
2025-06-20T20:00:00+00:00,99544.64265278808,79976.19985082498
2025-06-21T00:00:00+00:00,99528.55427988758,99528.55427988758
2025-06-23T00:00:00+00:00,99528.55427988758,99528.55427988758
2025-06-23T04:00:00+00:00,99528.55427988758,99528.55427988758
2025-06-23T08:00:00+00:00,99528.55427988758,99528.55427988758
2025-06-23T12:00:00+00:00,99528.55427988758,99528.55427988758
2025-06-23T16:00:00+00:00,99528.55427988758,99528.55427988758
2025-06-23T20:00:00+00:00,99528.55427988758,99528.55427988758
2025-06-24T00:00:00+00:00,99528.55427988758,99528.55427988758
2025-06-24T04:00:00+00:00,99528.55427988758,99528.55427988758
2025-06-24T08:00:00+00:00,99528.55427988758,99528.55427988758
2025-06-24T12:00:00+00:00,99528.55427988758,99528.55427988758
2025-06-24T16:00:00+00:00,99528.55427988758,99528.55427988758
2025-06-24T20:00:00+00:00,99528.55427988758,99528.55427988758
2025-06-25T00:00:00+00:00,99528.55427988758,99528.55427988758
2025-06-25T04:00:00+00:00,99528.55427988758,99528.55427988758
2025-06-25T08:00:00+00:00,99528.55427988758,99528.55427988758
2025-06-25T12:00:00+00:00,99528.55427988758,99528.55427988758
2025-06-25T16:00:00+00:00,99528.55427988758,99528.55427988758
2025-06-25T20:00:00+00:00,99528.55427988758,99528.55427988758
2025-06-26T00:00:00+00:00,99528.55427988758,99528.55427988758
2025-06-26T04:00:00+00:00,99528.55427988758,99528.55427988758
2025-06-26T08:00:00+00:00,99528.55427988758,99528.55427988758
2025-06-26T12:00:00+00:00,99528.55427988758,99528.55427988758
2025-06-26T16:00:00+00:00,99528.55427988758,99528.55427988758
2025-06-26T20:00:00+00:00,99528.55427988758,99528.55427988758
2025-06-27T00:00:00+00:00,99528.55427988758,99528.55427988758
2025-06-27T04:00:00+00:00,99528.55427988758,99528.55427988758
2025-06-27T08:00:00+00:00,99528.55427988758,99528.55427988758
2025-06-27T12:00:00+00:00,99528.55427988758,99528.55427988758
2025-06-27T16:00:00+00:00,99528.55427988758,99528.55427988758
2025-06-30T00:00:00+00:00,99528.55427988758,99528.55427988758
2025-06-30T04:00:00+00:00,99528.55427988758,99528.55427988758
2025-06-30T08:00:00+00:00,99528.55427988758,99528.55427988758
2025-06-30T12:00:00+00:00,99528.55427988758,99528.55427988758
2025-06-30T16:00:00+00:00,99528.55427988758,99528.55427988758
2025-06-30T20:00:00+00:00,99528.55427988758,99528.55427988758
2025-07-01T00:00:00+00:00,99528.55427988758,99528.55427988758
2025-07-01T04:00:00+00:00,99528.55427988758,99528.55427988758
2025-07-01T08:00:00+00:00,99528.55427988758,99528.55427988758
2025-07-01T12:00:00+00:00,99528.55427988758,99528.55427988758
2025-07-01T16:00:00+00:00,99528.55427988758,99528.55427988758
2025-07-01T20:00:00+00:00,99528.55427988758,99528.55427988758
2025-07-02T00:00:00+00:00,99528.55427988758,99528.55427988758
2025-07-02T08:00:00+00:00,99528.55427988758,99528.55427988758
2025-07-02T12:00:00+00:00,99528.55427988758,99528.55427988758
2025-07-02T16:00:00+00:00,99528.55427988758,99528.55427988758
2025-07-02T20:00:00+00:00,99528.55427988758,99528.55427988758
2025-07-03T00:00:00+00:00,99528.55427988758,99528.55427988758
2025-07-03T04:00:00+00:00,99528.55427988758,99528.55427988758
2025-07-03T08:00:00+00:00,99528.55427988758,99528.55427988758
2025-07-03T12:00:00+00:00,99528.55427988758,99528.55427988758
2025-07-03T16:00:00+00:00,99528.55427988758,99528.55427988758
2025-07-03T20:00:00+00:00,99528.55427988758,99528.55427988758
2025-07-04T00:00:00+00:00,99528.55427988758,99528.55427988758
2025-07-04T04:00:00+00:00,99528.55427988758,99528.55427988758
2025-07-04T08:00:00+00:00,99528.55427988758,99528.55427988758
2025-07-04T12:00:00+00:00,99528.55427988758,99528.55427988758
2025-07-04T16:00:00+00:00,99528.55427988758,99528.55427988758
2025-07-04T20:00:00+00:00,99528.55427988758,99528.55427988758
2025-07-07T00:00:00+00:00,99528.55427988758,99528.55427988758
2025-07-07T04:00:00+00:00,99528.55427988758,99528.55427988758
2025-07-07T08:00:00+00:00,99528.55427988758,99528.55427988758
2025-07-07T12:00:00+00:00,99528.55427988758,99528.55427988758
2025-07-07T16:00:00+00:00,99528.55427988758,99528.55427988758
2025-07-07T20:00:00+00:00,99528.55427988758,99528.55427988758
2025-07-08T00:00:00+00:00,99528.55427988758,99528.55427988758
2025-07-08T04:00:00+00:00,99528.55427988758,99528.55427988758
2025-07-08T08:00:00+00:00,99528.55427988758,99528.55427988758
2025-07-08T12:00:00+00:00,99528.55427988758,99528.55427988758
2025-07-08T16:00:00+00:00,99528.55427988758,99528.55427988758
2025-07-08T20:00:00+00:00,99528.55427988758,99528.55427988758
2025-07-09T00:00:00+00:00,99528.55427988758,99528.55427988758
2025-07-09T04:00:00+00:00,99528.55427988758,99528.55427988758
2025-07-09T08:00:00+00:00,99528.55427988758,99528.55427988758
2025-07-09T12:00:00+00:00,99528.55427988758,99528.55427988758
2025-07-09T16:00:00+00:00,99528.55427988758,99528.55427988758
2025-07-09T20:00:00+00:00,99528.55427988758,99528.55427988758
2025-07-10T00:00:00+00:00,99528.55427988758,99528.55427988758
2025-07-10T04:00:00+00:00,99528.55427988758,99528.55427988758
2025-07-10T08:00:00+00:00,99528.55427988758,99528.55427988758
2025-07-10T12:00:00+00:00,99528.55427988758,99528.55427988758
2025-07-10T16:00:00+00:00,99528.55427988758,99528.55427988758
2025-07-10T20:00:00+00:00,99528.55427988758,99528.55427988758
2025-07-11T00:00:00+00:00,99528.55427988758,99528.55427988758
2025-07-11T04:00:00+00:00,99528.55427988758,99528.55427988758
2025-07-11T08:00:00+00:00,99528.55427988758,99528.55427988758
2025-07-11T12:00:00+00:00,99528.55427988758,99528.55427988758
2025-07-11T16:00:00+00:00,99528.55427988758,99528.55427988758
2025-07-11T20:00:00+00:00,99528.55427988758,99528.55427988758
2025-07-12T00:00:00+00:00,99528.55427988758,99528.55427988758
2025-07-14T00:00:00+00:00,99528.55427988758,99528.55427988758
2025-07-14T04:00:00+00:00,99528.55427988758,99528.55427988758
2025-07-14T08:00:00+00:00,99528.55427988758,99528.55427988758
2025-07-14T12:00:00+00:00,99528.55427988758,99528.55427988758
2025-07-14T16:00:00+00:00,99528.55427988758,99528.55427988758
2025-07-14T20:00:00+00:00,99528.55427988758,99528.55427988758
2025-07-15T00:00:00+00:00,99528.55427988758,99528.55427988758
2025-07-15T04:00:00+00:00,99528.55427988758,99528.55427988758
2025-07-15T08:00:00+00:00,99528.55427988758,99528.55427988758
2025-07-15T12:00:00+00:00,99528.55427988758,99528.55427988758
2025-07-15T16:00:00+00:00,99528.55427988758,99528.55427988758
2025-07-15T20:00:00+00:00,99528.55427988758,99528.55427988758
2025-07-16T00:00:00+00:00,99528.55427988758,99528.55427988758
2025-07-16T04:00:00+00:00,99528.55427988758,99528.55427988758
2025-07-16T08:00:00+00:00,99528.55427988758,99528.55427988758
2025-07-16T12:00:00+00:00,99528.55427988758,99528.55427988758
2025-07-16T16:00:00+00:00,99528.55427988758,99528.55427988758
2025-07-16T20:00:00+00:00,99528.55427988758,99528.55427988758
2025-07-17T00:00:00+00:00,99528.55427988758,99528.55427988758
2025-07-17T04:00:00+00:00,99528.55427988758,99528.55427988758
2025-07-17T08:00:00+00:00,99528.55427988758,99528.55427988758
2025-07-17T12:00:00+00:00,99528.55427988758,99528.55427988758
2025-07-17T16:00:00+00:00,99528.55427988758,99528.55427988758
2025-07-17T20:00:00+00:00,99528.55427988758,99528.55427988758
2025-07-18T00:00:00+00:00,99528.55427988758,99528.55427988758
2025-07-18T04:00:00+00:00,99528.55427988758,99528.55427988758
2025-07-18T08:00:00+00:00,99528.55427988758,99528.55427988758
2025-07-18T12:00:00+00:00,99528.55427988758,99528.55427988758
2025-07-18T16:00:00+00:00,99528.55427988758,99528.55427988758
2025-07-18T20:00:00+00:00,99528.55427988758,99528.55427988758
2025-07-19T00:00:00+00:00,99528.55427988758,99528.55427988758
2025-07-21T00:00:00+00:00,99528.55427988758,99528.55427988758
2025-07-21T04:00:00+00:00,99528.55427988758,99528.55427988758
2025-07-21T08:00:00+00:00,99528.55427988758,99528.55427988758
2025-07-21T12:00:00+00:00,99528.55427988758,99528.55427988758
2025-07-21T16:00:00+00:00,99528.55427988758,99528.55427988758
2025-07-21T20:00:00+00:00,99528.55427988758,99528.55427988758
2025-07-22T00:00:00+00:00,99528.55427988758,99528.55427988758
2025-07-22T04:00:00+00:00,99528.55427988758,99528.55427988758
2025-07-22T08:00:00+00:00,99528.55427988758,99528.55427988758
2025-07-22T12:00:00+00:00,99528.55427988758,99528.55427988758
2025-07-22T16:00:00+00:00,99528.55427988758,99528.55427988758
2025-07-22T20:00:00+00:00,99528.55427988758,99528.55427988758
2025-07-23T00:00:00+00:00,99528.55427988758,99528.55427988758
2025-07-23T04:00:00+00:00,99528.55427988758,99528.55427988758
2025-07-23T08:00:00+00:00,99528.55427988758,99528.55427988758
2025-07-23T12:00:00+00:00,99528.55427988758,99528.55427988758
2025-07-23T16:00:00+00:00,99528.55427988758,99528.55427988758
2025-07-23T20:00:00+00:00,99528.55427988758,99528.55427988758
2025-07-24T00:00:00+00:00,99528.55427988758,99528.55427988758
2025-07-24T04:00:00+00:00,99528.55427988758,99528.55427988758
2025-07-24T08:00:00+00:00,99528.55427988758,99528.55427988758
2025-07-24T12:00:00+00:00,99528.55427988758,99528.55427988758
2025-07-24T16:00:00+00:00,99528.55427988758,99528.55427988758
2025-07-24T20:00:00+00:00,99528.55427988758,99528.55427988758
2025-07-25T00:00:00+00:00,99528.55427988758,99528.55427988758
2025-07-25T04:00:00+00:00,99528.55427988758,99528.55427988758
2025-07-25T08:00:00+00:00,99639.22951906903,79662.61725656762
2025-07-25T12:00:00+00:00,99625.2684965891,99625.2684965891
2025-07-25T16:00:00+00:00,99625.2684965891,99625.2684965891
2025-07-28T00:00:00+00:00,99625.2684965891,99625.2684965891
2025-07-28T04:00:00+00:00,99625.2684965891,99625.2684965891
2025-07-28T08:00:00+00:00,99625.2684965891,99625.2684965891
2025-07-28T12:00:00+00:00,99625.2684965891,99625.2684965891
2025-07-28T16:00:00+00:00,99625.2684965891,99625.2684965891
2025-07-28T20:00:00+00:00,99625.2684965891,99625.2684965891
2025-07-29T00:00:00+00:00,99625.2684965891,99625.2684965891
2025-07-29T04:00:00+00:00,99625.2684965891,99625.2684965891
2025-07-29T08:00:00+00:00,99625.2684965891,99625.2684965891
2025-07-29T12:00:00+00:00,99625.2684965891,99625.2684965891
2025-07-29T16:00:00+00:00,99625.2684965891,99625.2684965891
2025-07-29T20:00:00+00:00,99625.2684965891,99625.2684965891
2025-07-30T00:00:00+00:00,99625.2684965891,99625.2684965891
2025-07-30T04:00:00+00:00,99625.2684965891,99625.2684965891
2025-07-30T08:00:00+00:00,99625.2684965891,99625.2684965891
2025-07-30T12:00:00+00:00,99625.2684965891,99625.2684965891
2025-07-30T16:00:00+00:00,99625.2684965891,99625.2684965891
2025-07-30T20:00:00+00:00,99625.2684965891,99625.2684965891
2025-07-31T00:00:00+00:00,99625.2684965891,99625.2684965891
2025-07-31T04:00:00+00:00,99625.2684965891,99625.2684965891
2025-07-31T08:00:00+00:00,99625.2684965891,99625.2684965891
2025-07-31T12:00:00+00:00,99625.2684965891,99625.2684965891
2025-07-31T16:00:00+00:00,99625.2684965891,99625.2684965891
2025-07-31T20:00:00+00:00,99625.2684965891,99625.2684965891
2025-08-01T00:00:00+00:00,99515.72457410842,89661.89234348566
2025-08-01T04:00:00+00:00,99505.86295312023,99505.86295312023
2025-08-01T08:00:00+00:00,99505.86295312023,99505.86295312023
2025-08-01T12:00:00+00:00,99505.86295312023,99505.86295312023
2025-08-01T16:00:00+00:00,99505.86295312023,99505.86295312023
2025-08-01T20:00:00+00:00,99505.86295312023,99505.86295312023
2025-08-02T00:00:00+00:00,99626.42029806203,79606.9748449111
2025-08-04T00:00:00+00:00,99515.53950830556,99515.53950830556
2025-08-04T04:00:00+00:00,99515.53950830556,99515.53950830556
2025-08-04T08:00:00+00:00,99515.53950830556,99515.53950830556
2025-08-04T12:00:00+00:00,99515.53950830556,99515.53950830556
2025-08-04T16:00:00+00:00,99515.53950830556,99515.53950830556
2025-08-04T20:00:00+00:00,99515.53950830556,99515.53950830556
2025-08-05T00:00:00+00:00,99515.53950830556,99515.53950830556
2025-08-05T04:00:00+00:00,99515.53950830556,99515.53950830556
2025-08-05T08:00:00+00:00,99515.53950830556,99515.53950830556
2025-08-05T12:00:00+00:00,99515.53950830556,99515.53950830556
2025-08-05T16:00:00+00:00,99515.53950830556,99515.53950830556
2025-08-05T20:00:00+00:00,99515.53950830556,99515.53950830556
2025-08-06T00:00:00+00:00,99515.53950830556,99515.53950830556
2025-08-06T04:00:00+00:00,99515.53950830556,99515.53950830556
2025-08-06T08:00:00+00:00,99515.53950830556,99515.53950830556
2025-08-06T12:00:00+00:00,99515.53950830556,99515.53950830556
2025-08-06T16:00:00+00:00,99515.53950830556,99515.53950830556
2025-08-06T20:00:00+00:00,99515.53950830556,99515.53950830556
2025-08-07T00:00:00+00:00,99515.53950830556,99515.53950830556
2025-08-07T04:00:00+00:00,99515.53950830556,99515.53950830556
2025-08-07T08:00:00+00:00,99515.53950830556,99515.53950830556
2025-08-07T12:00:00+00:00,99515.53950830556,99515.53950830556
2025-08-07T16:00:00+00:00,99515.53950830556,99515.53950830556
2025-08-07T20:00:00+00:00,99515.53950830556,99515.53950830556
2025-08-08T00:00:00+00:00,99515.53950830556,99515.53950830556
2025-08-08T04:00:00+00:00,99515.53950830556,99515.53950830556
2025-08-08T08:00:00+00:00,99515.53950830556,99515.53950830556
2025-08-08T12:00:00+00:00,99515.53950830556,99515.53950830556
2025-08-08T16:00:00+00:00,99515.53950830556,99515.53950830556
2025-08-08T20:00:00+00:00,99515.53950830556,99515.53950830556
2025-08-09T00:00:00+00:00,99515.53950830556,99515.53950830556
2025-08-11T00:00:00+00:00,99515.53950830556,99515.53950830556
2025-08-11T04:00:00+00:00,99515.53950830556,99515.53950830556
2025-08-11T08:00:00+00:00,99515.53950830556,99515.53950830556
2025-08-11T12:00:00+00:00,99515.53950830556,99515.53950830556
2025-08-11T16:00:00+00:00,99515.53950830556,99515.53950830556
2025-08-11T20:00:00+00:00,99515.53950830556,99515.53950830556
2025-08-12T00:00:00+00:00,99515.53950830556,99515.53950830556
2025-08-12T04:00:00+00:00,99515.53950830556,99515.53950830556
2025-08-12T08:00:00+00:00,99515.53950830556,99515.53950830556
2025-08-12T12:00:00+00:00,99515.53950830556,99515.53950830556
2025-08-12T16:00:00+00:00,99515.53950830556,99515.53950830556
2025-08-12T20:00:00+00:00,99515.53950830556,99515.53950830556
2025-08-13T00:00:00+00:00,99515.53950830556,99515.53950830556
2025-08-13T04:00:00+00:00,99515.53950830556,99515.53950830556
2025-08-13T08:00:00+00:00,99515.53950830556,99515.53950830556
2025-08-13T12:00:00+00:00,99515.53950830556,99515.53950830556
2025-08-13T16:00:00+00:00,99515.53950830556,99515.53950830556
2025-08-13T20:00:00+00:00,99515.53950830556,99515.53950830556
2025-08-14T00:00:00+00:00,99515.53950830556,99515.53950830556
2025-08-14T04:00:00+00:00,99515.53950830556,99515.53950830556
2025-08-14T08:00:00+00:00,99515.53950830556,99515.53950830556
2025-08-14T12:00:00+00:00,99515.53950830556,99515.53950830556
2025-08-14T16:00:00+00:00,99515.53950830556,99515.53950830556
2025-08-14T20:00:00+00:00,99486.80064358046,89569.85271941512
2025-08-15T00:00:00+00:00,99479.02263648147,99479.02263648147
2025-08-15T04:00:00+00:00,99479.02263648147,99479.02263648147
2025-08-15T08:00:00+00:00,99479.02263648147,99479.02263648147
2025-08-15T12:00:00+00:00,99479.02263648147,99479.02263648147
2025-08-15T16:00:00+00:00,99479.02263648147,99479.02263648147
2025-08-15T20:00:00+00:00,99479.02263648147,99479.02263648147
2025-08-16T00:00:00+00:00,99479.02263648147,99479.02263648147
2025-08-18T00:00:00+00:00,99479.02263648147,99479.02263648147
2025-08-18T04:00:00+00:00,99479.02263648147,99479.02263648147
2025-08-18T08:00:00+00:00,99479.02263648147,99479.02263648147
2025-08-18T12:00:00+00:00,99479.02263648147,99479.02263648147
2025-08-18T16:00:00+00:00,99479.02263648147,99479.02263648147
2025-08-18T20:00:00+00:00,99479.02263648147,99479.02263648147
2025-08-19T00:00:00+00:00,99479.02263648147,99479.02263648147
2025-08-19T04:00:00+00:00,99479.02263648147,99479.02263648147
2025-08-19T08:00:00+00:00,99479.02263648147,99479.02263648147
2025-08-19T12:00:00+00:00,99479.02263648147,99479.02263648147
2025-08-19T16:00:00+00:00,99479.02263648147,99479.02263648147
2025-08-19T20:00:00+00:00,99479.02263648147,99479.02263648147
2025-08-20T00:00:00+00:00,99479.02263648147,99479.02263648147
2025-08-20T04:00:00+00:00,99479.02263648147,99479.02263648147
2025-08-20T08:00:00+00:00,99479.02263648147,99479.02263648147
2025-08-20T12:00:00+00:00,99479.02263648147,99479.02263648147
2025-08-20T16:00:00+00:00,99479.02263648147,99479.02263648147
2025-08-20T20:00:00+00:00,99479.02263648147,99479.02263648147
2025-08-21T00:00:00+00:00,99479.02263648147,99479.02263648147
2025-08-21T04:00:00+00:00,99479.02263648147,99479.02263648147
2025-08-21T08:00:00+00:00,99479.02263648147,99479.02263648147
2025-08-21T12:00:00+00:00,99479.02263648147,99479.02263648147
2025-08-21T16:00:00+00:00,99479.02263648147,99479.02263648147
2025-08-21T20:00:00+00:00,99479.02263648147,99479.02263648147
2025-08-22T00:00:00+00:00,99479.02263648147,99479.02263648147
2025-08-22T04:00:00+00:00,99479.02263648147,99479.02263648147
2025-08-22T08:00:00+00:00,99479.02263648147,99479.02263648147
2025-08-22T12:00:00+00:00,99479.02263648147,99479.02263648147
2025-08-22T16:00:00+00:00,99479.02263648147,99479.02263648147
2025-08-22T20:00:00+00:00,99479.02263648147,99479.02263648147
2025-08-23T00:00:00+00:00,99479.02263648147,99479.02263648147
2025-08-25T00:00:00+00:00,99479.02263648147,99479.02263648147
2025-08-25T04:00:00+00:00,99479.02263648147,99479.02263648147
2025-08-25T08:00:00+00:00,99479.02263648147,99479.02263648147
2025-08-25T12:00:00+00:00,99479.02263648147,99479.02263648147
2025-08-25T16:00:00+00:00,99479.02263648147,99479.02263648147
2025-08-25T20:00:00+00:00,99479.02263648147,99479.02263648147
2025-08-26T00:00:00+00:00,99479.02263648147,99479.02263648147
2025-08-26T04:00:00+00:00,99479.02263648147,99479.02263648147
2025-08-26T08:00:00+00:00,99479.02263648147,99479.02263648147
2025-08-26T12:00:00+00:00,99479.02263648147,99479.02263648147
2025-08-26T16:00:00+00:00,99479.02263648147,99479.02263648147
2025-08-26T20:00:00+00:00,99479.02263648147,99479.02263648147
2025-08-27T00:00:00+00:00,99479.02263648147,99479.02263648147
2025-08-27T04:00:00+00:00,99479.02263648147,99479.02263648147
2025-08-27T08:00:00+00:00,99479.02263648147,99479.02263648147
2025-08-27T12:00:00+00:00,99479.02263648147,99479.02263648147
2025-08-27T16:00:00+00:00,99479.02263648147,99479.02263648147
2025-08-27T20:00:00+00:00,99479.02263648147,99479.02263648147
2025-08-28T00:00:00+00:00,99479.02263648147,99479.02263648147
2025-08-28T04:00:00+00:00,99479.02263648147,99479.02263648147
2025-08-28T08:00:00+00:00,99479.02263648147,99479.02263648147
2025-08-28T12:00:00+00:00,99479.02263648147,99479.02263648147
2025-08-28T16:00:00+00:00,99479.02263648147,99479.02263648147
2025-08-28T20:00:00+00:00,99479.02263648147,99479.02263648147
2025-08-29T00:00:00+00:00,99479.02263648147,99479.02263648147
2025-08-29T04:00:00+00:00,99479.02263648147,99479.02263648147
2025-08-29T08:00:00+00:00,99479.02263648147,99479.02263648147
2025-08-29T16:00:00+00:00,99479.02263648147,99479.02263648147
2025-09-01T00:00:00+00:00,99479.02263648147,99479.02263648147
2025-09-01T04:00:00+00:00,99479.02263648147,99479.02263648147
2025-09-01T08:00:00+00:00,99479.02263648147,99479.02263648147
2025-09-01T12:00:00+00:00,99479.02263648147,99479.02263648147
2025-09-01T16:00:00+00:00,99479.02263648147,99479.02263648147
2025-09-01T20:00:00+00:00,99479.02263648147,99479.02263648147
2025-09-02T00:00:00+00:00,99479.02263648147,99479.02263648147
2025-09-02T04:00:00+00:00,99479.02263648147,99479.02263648147
2025-09-02T08:00:00+00:00,99479.02263648147,99479.02263648147
2025-09-02T12:00:00+00:00,99479.02263648147,99479.02263648147
2025-09-02T16:00:00+00:00,99479.02263648147,99479.02263648147
2025-09-02T20:00:00+00:00,99479.02263648147,99479.02263648147
2025-09-03T00:00:00+00:00,99479.02263648147,99479.02263648147
2025-09-03T04:00:00+00:00,99479.02263648147,99479.02263648147
2025-09-03T08:00:00+00:00,99479.02263648147,99479.02263648147
2025-09-03T12:00:00+00:00,99479.02263648147,99479.02263648147
2025-09-03T16:00:00+00:00,99479.02263648147,99479.02263648147
2025-09-03T20:00:00+00:00,99479.02263648147,99479.02263648147
2025-09-04T00:00:00+00:00,99479.02263648147,99479.02263648147
2025-09-04T04:00:00+00:00,99479.02263648147,99479.02263648147
2025-09-04T08:00:00+00:00,99479.02263648147,99479.02263648147
2025-09-04T12:00:00+00:00,99479.02263648147,99479.02263648147
2025-09-04T16:00:00+00:00,99479.02263648147,99479.02263648147
2025-09-04T20:00:00+00:00,99423.39509007116,79590.29110595667
2025-09-05T00:00:00+00:00,99417.07155990579,99417.07155990579
2025-09-05T04:00:00+00:00,99417.07155990579,99417.07155990579
2025-09-05T08:00:00+00:00,99417.07155990579,99417.07155990579
2025-09-05T12:00:00+00:00,99417.07155990579,99417.07155990579
2025-09-05T16:00:00+00:00,99417.07155990579,99417.07155990579
2025-09-05T20:00:00+00:00,99620.45834113253,79533.65526097406
2025-09-06T00:00:00+00:00,99607.55599994509,99607.55599994509
2025-09-08T00:00:00+00:00,99607.55599994509,99607.55599994509
2025-09-08T04:00:00+00:00,99607.55599994509,99607.55599994509
2025-09-08T08:00:00+00:00,99607.55599994509,99607.55599994509
2025-09-08T12:00:00+00:00,99607.55599994509,99607.55599994509
2025-09-08T16:00:00+00:00,99607.55599994509,99607.55599994509
2025-09-08T20:00:00+00:00,99607.55599994509,99607.55599994509
2025-09-09T00:00:00+00:00,99607.55599994509,99607.55599994509
2025-09-09T04:00:00+00:00,99607.55599994509,99607.55599994509
2025-09-09T08:00:00+00:00,99607.55599994509,99607.55599994509
2025-09-09T12:00:00+00:00,99607.55599994509,99607.55599994509
2025-09-09T16:00:00+00:00,99607.55599994509,99607.55599994509
2025-09-09T20:00:00+00:00,99607.55599994509,99607.55599994509
2025-09-10T00:00:00+00:00,99607.55599994509,99607.55599994509
2025-09-10T04:00:00+00:00,99607.55599994509,99607.55599994509
2025-09-10T08:00:00+00:00,99607.55599994509,99607.55599994509
2025-09-10T12:00:00+00:00,99607.55599994509,99607.55599994509
2025-09-10T16:00:00+00:00,99607.55599994509,99607.55599994509
2025-09-10T20:00:00+00:00,99607.55599994509,99607.55599994509
2025-09-11T00:00:00+00:00,99607.55599994509,99607.55599994509
2025-09-11T04:00:00+00:00,99607.55599994509,99607.55599994509
2025-09-11T08:00:00+00:00,99607.55599994509,99607.55599994509
2025-09-11T12:00:00+00:00,99607.55599994509,99607.55599994509
2025-09-11T16:00:00+00:00,99607.55599994509,99607.55599994509
2025-09-11T20:00:00+00:00,99607.55599994509,99607.55599994509
2025-09-12T00:00:00+00:00,99607.55599994509,99607.55599994509
2025-09-12T04:00:00+00:00,99607.55599994509,99607.55599994509
2025-09-12T08:00:00+00:00,99607.55599994509,99607.55599994509
2025-09-12T12:00:00+00:00,99607.55599994509,99607.55599994509
2025-09-12T16:00:00+00:00,99607.55599994509,99607.55599994509
2025-09-12T20:00:00+00:00,99607.55599994509,99607.55599994509
2025-09-13T00:00:00+00:00,99607.55599994509,99607.55599994509
2025-09-15T00:00:00+00:00,99607.55599994509,99607.55599994509
2025-09-15T04:00:00+00:00,99607.55599994509,99607.55599994509
2025-09-15T08:00:00+00:00,99607.55599994509,99607.55599994509
2025-09-15T12:00:00+00:00,99607.55599994509,99607.55599994509
2025-09-15T16:00:00+00:00,99607.55599994509,99607.55599994509
2025-09-15T20:00:00+00:00,99607.55599994509,99607.55599994509
2025-09-16T00:00:00+00:00,99607.55599994509,99607.55599994509
2025-09-16T04:00:00+00:00,99607.55599994509,99607.55599994509
2025-09-16T08:00:00+00:00,99607.55599994509,99607.55599994509
2025-09-16T12:00:00+00:00,99607.55599994509,99607.55599994509
2025-09-16T16:00:00+00:00,99607.55599994509,99607.55599994509
2025-09-16T20:00:00+00:00,99607.55599994509,99607.55599994509
2025-09-17T00:00:00+00:00,99607.55599994509,99607.55599994509
2025-09-17T04:00:00+00:00,99607.55599994509,99607.55599994509
2025-09-17T08:00:00+00:00,99607.55599994509,99607.55599994509
2025-09-17T12:00:00+00:00,99607.55599994509,99607.55599994509
2025-09-17T16:00:00+00:00,99607.55599994509,99607.55599994509
2025-09-17T20:00:00+00:00,99607.55599994509,99607.55599994509
2025-09-18T00:00:00+00:00,99607.55599994509,99607.55599994509
2025-09-18T04:00:00+00:00,99607.55599994509,99607.55599994509
2025-09-18T08:00:00+00:00,99607.55599994509,99607.55599994509
2025-09-18T12:00:00+00:00,99607.55599994509,99607.55599994509
2025-09-18T16:00:00+00:00,99607.55599994509,99607.55599994509
2025-09-18T20:00:00+00:00,99607.55599994509,99607.55599994509
2025-09-19T00:00:00+00:00,99607.55599994509,99607.55599994509
2025-09-19T04:00:00+00:00,99607.55599994509,99607.55599994509
2025-09-19T08:00:00+00:00,99607.55599994509,99607.55599994509
2025-09-19T12:00:00+00:00,99607.55599994509,99607.55599994509
2025-09-19T16:00:00+00:00,99607.55599994509,99607.55599994509
2025-09-19T20:00:00+00:00,99607.55599994509,99607.55599994509
2025-09-20T00:00:00+00:00,99607.55599994509,99607.55599994509
2025-09-22T00:00:00+00:00,99607.55599994509,99607.55599994509
2025-09-22T04:00:00+00:00,99607.55599994509,99607.55599994509
2025-09-22T08:00:00+00:00,99607.55599994509,99607.55599994509
2025-09-22T12:00:00+00:00,99607.55599994509,99607.55599994509
2025-09-22T16:00:00+00:00,99607.55599994509,99607.55599994509
2025-09-22T20:00:00+00:00,99607.55599994509,99607.55599994509
2025-09-23T00:00:00+00:00,99607.55599994509,99607.55599994509
2025-09-23T04:00:00+00:00,99607.55599994509,99607.55599994509
2025-09-23T08:00:00+00:00,99607.55599994509,99607.55599994509
2025-09-23T12:00:00+00:00,99607.55599994509,99607.55599994509
2025-09-23T16:00:00+00:00,99607.55599994509,99607.55599994509
2025-09-23T20:00:00+00:00,99607.55599994509,99607.55599994509
2025-09-24T00:00:00+00:00,99607.55599994509,99607.55599994509
2025-09-24T04:00:00+00:00,99607.55599994509,99607.55599994509
2025-09-24T08:00:00+00:00,99607.55599994509,99607.55599994509
2025-09-24T12:00:00+00:00,99607.55599994509,99607.55599994509
2025-09-24T16:00:00+00:00,99607.55599994509,99607.55599994509
2025-09-24T20:00:00+00:00,99607.55599994509,99607.55599994509
2025-09-25T00:00:00+00:00,99607.55599994509,99607.55599994509
2025-09-25T04:00:00+00:00,99607.55599994509,99607.55599994509
2025-09-25T08:00:00+00:00,99607.55599994509,99607.55599994509
2025-09-25T12:00:00+00:00,99607.55599994509,99607.55599994509
2025-09-25T16:00:00+00:00,99607.55599994509,99607.55599994509
2025-09-25T20:00:00+00:00,99607.55599994509,99607.55599994509
2025-09-26T00:00:00+00:00,99607.55599994509,99607.55599994509
2025-09-26T04:00:00+00:00,99607.55599994509,99607.55599994509
2025-09-26T08:00:00+00:00,99607.55599994509,99607.55599994509
2025-09-26T12:00:00+00:00,99607.55599994509,99607.55599994509
2025-09-26T16:00:00+00:00,99607.55599994509,99607.55599994509
2025-09-29T00:00:00+00:00,99607.55599994509,99607.55599994509
2025-09-29T04:00:00+00:00,99607.55599994509,99607.55599994509
2025-09-29T08:00:00+00:00,99607.55599994509,99607.55599994509
2025-09-29T12:00:00+00:00,99607.55599994509,99607.55599994509
2025-09-29T16:00:00+00:00,99607.55599994509,99607.55599994509
2025-09-29T20:00:00+00:00,99607.55599994509,99607.55599994509
2025-09-30T00:00:00+00:00,99607.55599994509,99607.55599994509
2025-09-30T04:00:00+00:00,99607.55599994509,99607.55599994509
2025-09-30T08:00:00+00:00,99607.55599994509,99607.55599994509
2025-09-30T12:00:00+00:00,99607.55599994509,99607.55599994509
2025-09-30T16:00:00+00:00,99607.55599994509,99607.55599994509
2025-09-30T20:00:00+00:00,99607.55599994509,99607.55599994509
2025-10-01T00:00:00+00:00,99607.55599994509,99607.55599994509
2025-10-01T04:00:00+00:00,99607.55599994509,99607.55599994509
2025-10-01T08:00:00+00:00,99607.55599994509,99607.55599994509
2025-10-01T12:00:00+00:00,99607.55599994509,99607.55599994509
2025-10-01T16:00:00+00:00,99607.55599994509,99607.55599994509
2025-10-01T20:00:00+00:00,99607.55599994509,99607.55599994509
2025-10-02T00:00:00+00:00,99607.55599994509,99607.55599994509
2025-10-02T04:00:00+00:00,99607.55599994509,99607.55599994509
2025-10-02T08:00:00+00:00,99607.55599994509,99607.55599994509
2025-10-02T12:00:00+00:00,99607.55599994509,99607.55599994509
2025-10-02T16:00:00+00:00,99607.55599994509,99607.55599994509
2025-10-02T20:00:00+00:00,99607.55599994509,99607.55599994509
2025-10-03T00:00:00+00:00,99607.55599994509,99607.55599994509
2025-10-03T04:00:00+00:00,99607.55599994509,99607.55599994509
2025-10-03T08:00:00+00:00,99607.55599994509,99607.55599994509
2025-10-03T12:00:00+00:00,99607.55599994509,99607.55599994509
2025-10-03T16:00:00+00:00,99607.55599994509,99607.55599994509
2025-10-03T20:00:00+00:00,99607.55599994509,99607.55599994509
2025-10-04T00:00:00+00:00,99607.55599994509,99607.55599994509
2025-10-06T00:00:00+00:00,99607.55599994509,99607.55599994509
2025-10-06T04:00:00+00:00,99607.55599994509,99607.55599994509
2025-10-06T08:00:00+00:00,99607.55599994509,99607.55599994509
2025-10-06T12:00:00+00:00,99607.55599994509,99607.55599994509
2025-10-06T16:00:00+00:00,99607.55599994509,99607.55599994509
2025-10-06T20:00:00+00:00,99607.55599994509,99607.55599994509
2025-10-07T00:00:00+00:00,99607.55599994509,99607.55599994509
2025-10-07T04:00:00+00:00,99607.55599994509,99607.55599994509
2025-10-07T08:00:00+00:00,99607.55599994509,99607.55599994509
2025-10-07T12:00:00+00:00,99607.55599994509,99607.55599994509
2025-10-07T16:00:00+00:00,99607.55599994509,99607.55599994509
2025-10-07T20:00:00+00:00,99607.55599994509,99607.55599994509
2025-10-08T00:00:00+00:00,99607.55599994509,99607.55599994509
2025-10-08T04:00:00+00:00,99607.55599994509,99607.55599994509
2025-10-08T08:00:00+00:00,99607.55599994509,99607.55599994509
2025-10-08T12:00:00+00:00,99607.55599994509,99607.55599994509
2025-10-08T16:00:00+00:00,99607.55599994509,99607.55599994509
2025-10-08T20:00:00+00:00,99607.55599994509,99607.55599994509
2025-10-09T00:00:00+00:00,99607.55599994509,99607.55599994509
2025-10-09T04:00:00+00:00,99607.55599994509,99607.55599994509
2025-10-09T08:00:00+00:00,99607.55599994509,99607.55599994509
2025-10-09T12:00:00+00:00,99607.55599994509,99607.55599994509
2025-10-09T16:00:00+00:00,99607.55599994509,99607.55599994509
2025-10-09T20:00:00+00:00,99607.55599994509,99607.55599994509
2025-10-10T00:00:00+00:00,99607.55599994509,99607.55599994509
2025-10-10T04:00:00+00:00,99607.55599994509,99607.55599994509
2025-10-10T08:00:00+00:00,99607.55599994509,99607.55599994509
2025-10-10T12:00:00+00:00,99607.55599994509,99607.55599994509
2025-10-10T16:00:00+00:00,99607.55599994509,99607.55599994509
2025-10-10T20:00:00+00:00,99135.72533869975,79693.00483022588
2025-10-11T00:00:00+00:00,99114.8692698287,99114.8692698287
2025-10-13T00:00:00+00:00,99114.8692698287,99114.8692698287
2025-10-13T04:00:00+00:00,99114.8692698287,99114.8692698287
2025-10-13T08:00:00+00:00,99114.8692698287,99114.8692698287
2025-10-13T12:00:00+00:00,99114.8692698287,99114.8692698287
2025-10-13T16:00:00+00:00,99114.8692698287,99114.8692698287
2025-10-13T20:00:00+00:00,99114.8692698287,99114.8692698287
2025-10-14T00:00:00+00:00,99114.8692698287,99114.8692698287
2025-10-14T04:00:00+00:00,99114.8692698287,99114.8692698287
2025-10-14T08:00:00+00:00,99114.8692698287,99114.8692698287
2025-10-14T12:00:00+00:00,99114.8692698287,99114.8692698287
2025-10-14T16:00:00+00:00,99114.8692698287,99114.8692698287
2025-10-14T20:00:00+00:00,99114.8692698287,99114.8692698287
2025-10-15T00:00:00+00:00,99114.8692698287,99114.8692698287
2025-10-15T04:00:00+00:00,99114.8692698287,99114.8692698287
2025-10-15T08:00:00+00:00,99114.8692698287,99114.8692698287
2025-10-15T12:00:00+00:00,99114.8692698287,99114.8692698287
2025-10-15T16:00:00+00:00,99114.8692698287,99114.8692698287
2025-10-15T20:00:00+00:00,99114.8692698287,99114.8692698287
2025-10-16T00:00:00+00:00,99114.8692698287,99114.8692698287
2025-10-16T04:00:00+00:00,99114.8692698287,99114.8692698287
2025-10-16T08:00:00+00:00,99114.8692698287,99114.8692698287
2025-10-16T12:00:00+00:00,99114.8692698287,99114.8692698287
2025-10-16T16:00:00+00:00,99114.8692698287,99114.8692698287
2025-10-16T20:00:00+00:00,99114.8692698287,99114.8692698287
2025-10-17T00:00:00+00:00,99114.8692698287,99114.8692698287
2025-10-17T04:00:00+00:00,99114.8692698287,99114.8692698287
2025-10-17T08:00:00+00:00,99114.8692698287,99114.8692698287
2025-10-17T12:00:00+00:00,99114.8692698287,99114.8692698287
2025-10-17T16:00:00+00:00,99114.8692698287,99114.8692698287
2025-10-17T20:00:00+00:00,99114.8692698287,99114.8692698287
2025-10-18T00:00:00+00:00,99114.8692698287,99114.8692698287
2025-10-20T00:00:00+00:00,99114.8692698287,99114.8692698287
2025-10-20T04:00:00+00:00,99114.8692698287,99114.8692698287
2025-10-20T08:00:00+00:00,99114.8692698287,99114.8692698287
2025-10-20T12:00:00+00:00,99114.8692698287,99114.8692698287
2025-10-20T16:00:00+00:00,99114.8692698287,99114.8692698287
2025-10-20T20:00:00+00:00,99114.8692698287,99114.8692698287
2025-10-21T00:00:00+00:00,99114.8692698287,99114.8692698287
2025-10-21T04:00:00+00:00,99114.8692698287,99114.8692698287
2025-10-21T08:00:00+00:00,99114.8692698287,99114.8692698287
2025-10-21T12:00:00+00:00,99114.8692698287,99114.8692698287
2025-10-21T16:00:00+00:00,99114.8692698287,99114.8692698287
2025-10-21T20:00:00+00:00,99114.8692698287,99114.8692698287
2025-10-22T00:00:00+00:00,99114.8692698287,99114.8692698287
2025-10-22T04:00:00+00:00,99114.8692698287,99114.8692698287
2025-10-22T08:00:00+00:00,99114.8692698287,99114.8692698287
2025-10-22T12:00:00+00:00,99114.8692698287,99114.8692698287
2025-10-22T16:00:00+00:00,99114.8692698287,99114.8692698287
2025-10-22T20:00:00+00:00,99114.8692698287,99114.8692698287
2025-10-23T00:00:00+00:00,99114.8692698287,99114.8692698287
2025-10-23T04:00:00+00:00,99114.8692698287,99114.8692698287
2025-10-23T08:00:00+00:00,99114.8692698287,99114.8692698287
2025-10-23T12:00:00+00:00,99114.8692698287,99114.8692698287
2025-10-23T16:00:00+00:00,99114.8692698287,99114.8692698287
2025-10-23T20:00:00+00:00,99114.8692698287,99114.8692698287
2025-10-24T00:00:00+00:00,99114.8692698287,99114.8692698287
2025-10-24T04:00:00+00:00,99114.8692698287,99114.8692698287
2025-10-24T08:00:00+00:00,99114.8692698287,99114.8692698287
2025-10-24T12:00:00+00:00,99114.8692698287,99114.8692698287
2025-10-24T16:00:00+00:00,99114.8692698287,99114.8692698287
2025-10-24T20:00:00+00:00,99114.8692698287,99114.8692698287
2025-10-25T00:00:00+00:00,99114.8692698287,99114.8692698287
2025-10-27T00:00:00+00:00,99114.8692698287,99114.8692698287
2025-10-27T04:00:00+00:00,99114.8692698287,99114.8692698287
2025-10-27T08:00:00+00:00,99114.8692698287,99114.8692698287
2025-10-27T12:00:00+00:00,99114.8692698287,99114.8692698287
2025-10-27T16:00:00+00:00,99114.8692698287,99114.8692698287
2025-10-27T20:00:00+00:00,99114.8692698287,99114.8692698287
2025-10-28T00:00:00+00:00,99114.8692698287,99114.8692698287
2025-10-28T04:00:00+00:00,99114.8692698287,99114.8692698287
2025-10-28T08:00:00+00:00,99114.8692698287,99114.8692698287
2025-10-28T12:00:00+00:00,99114.8692698287,99114.8692698287
2025-10-28T16:00:00+00:00,99114.8692698287,99114.8692698287
2025-10-28T20:00:00+00:00,99114.8692698287,99114.8692698287
2025-10-29T00:00:00+00:00,99114.8692698287,99114.8692698287
2025-10-29T04:00:00+00:00,99114.8692698287,99114.8692698287
2025-10-29T08:00:00+00:00,99114.8692698287,99114.8692698287
2025-10-29T12:00:00+00:00,99114.8692698287,99114.8692698287
2025-10-29T16:00:00+00:00,99114.8692698287,99114.8692698287
2025-10-29T20:00:00+00:00,99114.8692698287,99114.8692698287
2025-10-30T00:00:00+00:00,99114.8692698287,99114.8692698287
2025-10-30T04:00:00+00:00,99114.8692698287,99114.8692698287
2025-10-30T08:00:00+00:00,99114.8692698287,99114.8692698287
2025-10-30T12:00:00+00:00,99114.8692698287,99114.8692698287
2025-10-30T16:00:00+00:00,98920.17758968005,89214.8326577774
2025-10-30T20:00:00+00:00,98693.40881426161,89986.10190567038
2025-10-31T00:00:00+00:00,98686.13394428595,98686.13394428595
2025-10-31T04:00:00+00:00,98686.13394428595,98686.13394428595
2025-10-31T08:00:00+00:00,98686.13394428595,98686.13394428595
2025-10-31T12:00:00+00:00,98686.13394428595,98686.13394428595
2025-10-31T16:00:00+00:00,98686.13394428595,98686.13394428595
2025-11-03T00:00:00+00:00,98686.13394428595,98686.13394428595
2025-11-03T04:00:00+00:00,98686.13394428595,98686.13394428595
2025-11-03T08:00:00+00:00,98686.13394428595,98686.13394428595
2025-11-03T12:00:00+00:00,98686.13394428595,98686.13394428595
2025-11-03T16:00:00+00:00,98686.13394428595,98686.13394428595
2025-11-03T20:00:00+00:00,98686.13394428595,98686.13394428595
2025-11-04T00:00:00+00:00,98686.13394428595,98686.13394428595
2025-11-04T04:00:00+00:00,98686.13394428595,98686.13394428595
2025-11-04T08:00:00+00:00,98686.13394428595,98686.13394428595
2025-11-04T12:00:00+00:00,98686.13394428595,98686.13394428595
2025-11-04T16:00:00+00:00,98686.13394428595,98686.13394428595
2025-11-04T20:00:00+00:00,98686.13394428595,98686.13394428595
2025-11-05T00:00:00+00:00,98686.13394428595,98686.13394428595
2025-11-05T04:00:00+00:00,98686.13394428595,98686.13394428595
2025-11-05T08:00:00+00:00,98686.13394428595,98686.13394428595
2025-11-05T12:00:00+00:00,98686.13394428595,98686.13394428595
2025-11-05T16:00:00+00:00,98686.13394428595,98686.13394428595
2025-11-05T20:00:00+00:00,98686.13394428595,98686.13394428595
2025-11-06T00:00:00+00:00,98686.13394428595,98686.13394428595
2025-11-06T04:00:00+00:00,98686.13394428595,98686.13394428595
2025-11-06T08:00:00+00:00,98686.13394428595,98686.13394428595
2025-11-06T12:00:00+00:00,98686.13394428595,98686.13394428595
2025-11-06T16:00:00+00:00,98686.13394428595,98686.13394428595
2025-11-06T20:00:00+00:00,98686.13394428595,98686.13394428595
2025-11-07T00:00:00+00:00,98686.13394428595,98686.13394428595
2025-11-07T04:00:00+00:00,98686.13394428595,98686.13394428595
2025-11-07T08:00:00+00:00,98686.13394428595,98686.13394428595
2025-11-07T12:00:00+00:00,98686.13394428595,98686.13394428595
2025-11-07T16:00:00+00:00,98686.13394428595,98686.13394428595
2025-11-07T20:00:00+00:00,98686.13394428595,98686.13394428595
2025-11-08T00:00:00+00:00,98686.13394428595,98686.13394428595
2025-11-10T00:00:00+00:00,98686.13394428595,98686.13394428595
2025-11-10T04:00:00+00:00,98686.13394428595,98686.13394428595
2025-11-10T08:00:00+00:00,98686.13394428595,98686.13394428595
2025-11-10T12:00:00+00:00,98686.13394428595,98686.13394428595
2025-11-10T16:00:00+00:00,98686.13394428595,98686.13394428595
2025-11-10T20:00:00+00:00,98686.13394428595,98686.13394428595
2025-11-11T00:00:00+00:00,98686.13394428595,98686.13394428595
2025-11-11T04:00:00+00:00,98686.13394428595,98686.13394428595
2025-11-11T08:00:00+00:00,98686.13394428595,98686.13394428595
2025-11-11T12:00:00+00:00,98686.13394428595,98686.13394428595
2025-11-11T16:00:00+00:00,98686.13394428595,98686.13394428595
2025-11-11T20:00:00+00:00,98686.13394428595,98686.13394428595
2025-11-12T00:00:00+00:00,98686.13394428595,98686.13394428595
2025-11-12T04:00:00+00:00,98686.13394428595,98686.13394428595
2025-11-12T08:00:00+00:00,98686.13394428595,98686.13394428595
2025-11-12T12:00:00+00:00,98686.13394428595,98686.13394428595
2025-11-12T16:00:00+00:00,98686.13394428595,98686.13394428595
2025-11-12T20:00:00+00:00,98686.13394428595,98686.13394428595
2025-11-13T00:00:00+00:00,98686.13394428595,98686.13394428595
2025-11-13T04:00:00+00:00,98686.13394428595,98686.13394428595
2025-11-13T08:00:00+00:00,98686.13394428595,98686.13394428595
2025-11-13T12:00:00+00:00,98686.13394428595,98686.13394428595
2025-11-13T16:00:00+00:00,98686.13394428595,98686.13394428595
2025-11-13T20:00:00+00:00,98686.13394428595,98686.13394428595
2025-11-14T00:00:00+00:00,98872.05260150213,78969.74125502266
2025-11-14T04:00:00+00:00,98847.92667635677,98847.92667635677
2025-11-14T08:00:00+00:00,98847.92667635677,98847.92667635677
2025-11-14T12:00:00+00:00,98847.92667635677,98847.92667635677
2025-11-14T16:00:00+00:00,98847.92667635677,98847.92667635677
2025-11-14T20:00:00+00:00,98847.92667635677,98847.92667635677
2025-11-15T00:00:00+00:00,98847.92667635677,98847.92667635677
2025-11-17T00:00:00+00:00,98847.92667635677,98847.92667635677
2025-11-17T04:00:00+00:00,98847.92667635677,98847.92667635677
2025-11-17T08:00:00+00:00,98847.92667635677,98847.92667635677
2025-11-17T12:00:00+00:00,98847.92667635677,98847.92667635677
2025-11-17T16:00:00+00:00,98847.92667635677,98847.92667635677
2025-11-17T20:00:00+00:00,98847.92667635677,98847.92667635677
2025-11-18T00:00:00+00:00,98847.92667635677,98847.92667635677
2025-11-18T04:00:00+00:00,98847.92667635677,98847.92667635677
2025-11-18T08:00:00+00:00,98847.92667635677,98847.92667635677
2025-11-18T12:00:00+00:00,98847.92667635677,98847.92667635677
2025-11-18T16:00:00+00:00,98847.92667635677,98847.92667635677
2025-11-18T20:00:00+00:00,98847.92667635677,98847.92667635677
2025-11-19T00:00:00+00:00,98847.92667635677,98847.92667635677
2025-11-19T04:00:00+00:00,98847.92667635677,98847.92667635677
2025-11-19T08:00:00+00:00,98847.92667635677,98847.92667635677
2025-11-19T12:00:00+00:00,98847.92667635677,98847.92667635677
2025-11-19T16:00:00+00:00,98847.92667635677,98847.92667635677
2025-11-19T20:00:00+00:00,98847.92667635677,98847.92667635677
2025-11-20T00:00:00+00:00,98847.92667635677,98847.92667635677
2025-11-20T04:00:00+00:00,98847.92667635677,98847.92667635677
2025-11-20T08:00:00+00:00,98847.92667635677,98847.92667635677
2025-11-20T12:00:00+00:00,98847.92667635677,98847.92667635677
2025-11-20T16:00:00+00:00,98847.92667635677,98847.92667635677
2025-11-20T20:00:00+00:00,98847.92667635677,98847.92667635677
2025-11-21T00:00:00+00:00,98847.92667635677,98847.92667635677
2025-11-21T04:00:00+00:00,98847.92667635677,98847.92667635677
2025-11-21T08:00:00+00:00,98847.92667635677,98847.92667635677
2025-11-21T12:00:00+00:00,98847.92667635677,98847.92667635677
2025-11-21T16:00:00+00:00,98847.92667635677,98847.92667635677
2025-11-21T20:00:00+00:00,98847.92667635677,98847.92667635677
2025-11-22T00:00:00+00:00,98847.92667635677,98847.92667635677
2025-11-24T00:00:00+00:00,98847.92667635677,98847.92667635677
2025-11-24T04:00:00+00:00,98847.92667635677,98847.92667635677
2025-11-24T08:00:00+00:00,98847.92667635677,98847.92667635677
2025-11-24T12:00:00+00:00,98847.92667635677,98847.92667635677
2025-11-24T16:00:00+00:00,98847.92667635677,98847.92667635677
2025-11-24T20:00:00+00:00,98847.92667635677,98847.92667635677
2025-11-25T00:00:00+00:00,98847.92667635677,98847.92667635677
2025-11-25T04:00:00+00:00,98847.92667635677,98847.92667635677
2025-11-25T08:00:00+00:00,98847.92667635677,98847.92667635677
2025-11-25T12:00:00+00:00,98847.92667635677,98847.92667635677
2025-11-25T16:00:00+00:00,98847.92667635677,98847.92667635677
2025-11-25T20:00:00+00:00,98847.92667635677,98847.92667635677
2025-11-26T00:00:00+00:00,98847.92667635677,98847.92667635677
2025-11-26T04:00:00+00:00,98847.92667635677,98847.92667635677
2025-11-26T08:00:00+00:00,98847.92667635677,98847.92667635677
2025-11-26T12:00:00+00:00,98847.92667635677,98847.92667635677
2025-11-26T16:00:00+00:00,98847.92667635677,98847.92667635677
2025-11-26T20:00:00+00:00,98847.92667635677,98847.92667635677
2025-11-27T00:00:00+00:00,98847.92667635677,98847.92667635677
2025-11-27T04:00:00+00:00,98847.92667635677,98847.92667635677
2025-11-27T08:00:00+00:00,98847.92667635677,98847.92667635677
2025-11-27T12:00:00+00:00,98847.92667635677,98847.92667635677
2025-11-27T16:00:00+00:00,98847.92667635677,98847.92667635677
2025-11-27T20:00:00+00:00,98847.92667635677,98847.92667635677
2025-11-28T00:00:00+00:00,98847.92667635677,98847.92667635677
2025-11-28T16:00:00+00:00,98847.92667635677,98847.92667635677
2025-12-01T00:00:00+00:00,98847.92667635677,98847.92667635677
2025-12-01T04:00:00+00:00,98847.92667635677,98847.92667635677
2025-12-01T08:00:00+00:00,98847.92667635677,98847.92667635677
2025-12-01T12:00:00+00:00,98847.92667635677,98847.92667635677
2025-12-01T16:00:00+00:00,98847.92667635677,98847.92667635677
2025-12-01T20:00:00+00:00,98847.92667635677,98847.92667635677
2025-12-02T00:00:00+00:00,98847.92667635677,98847.92667635677
2025-12-02T04:00:00+00:00,98847.92667635677,98847.92667635677
2025-12-02T08:00:00+00:00,98847.92667635677,98847.92667635677
2025-12-02T12:00:00+00:00,98847.92667635677,98847.92667635677
2025-12-02T16:00:00+00:00,98847.92667635677,98847.92667635677
2025-12-02T20:00:00+00:00,98847.92667635677,98847.92667635677
2025-12-03T00:00:00+00:00,98847.92667635677,98847.92667635677
2025-12-03T04:00:00+00:00,98847.92667635677,98847.92667635677
2025-12-03T08:00:00+00:00,98847.92667635677,98847.92667635677
2025-12-03T12:00:00+00:00,98847.92667635677,98847.92667635677
2025-12-03T16:00:00+00:00,98847.92667635677,98847.92667635677
2025-12-03T20:00:00+00:00,98847.92667635677,98847.92667635677
2025-12-04T00:00:00+00:00,98847.92667635677,98847.92667635677
2025-12-04T04:00:00+00:00,98847.92667635677,98847.92667635677
2025-12-04T08:00:00+00:00,98847.92667635677,98847.92667635677
2025-12-04T12:00:00+00:00,98847.92667635677,98847.92667635677
2025-12-04T16:00:00+00:00,98847.92667635677,98847.92667635677
2025-12-04T20:00:00+00:00,98847.92667635677,98847.92667635677
2025-12-05T00:00:00+00:00,98847.92667635677,98847.92667635677
2025-12-05T04:00:00+00:00,98847.92667635677,98847.92667635677
2025-12-05T08:00:00+00:00,98847.92667635677,98847.92667635677
2025-12-05T12:00:00+00:00,98847.92667635677,98847.92667635677
2025-12-05T16:00:00+00:00,98847.92667635677,98847.92667635677
2025-12-05T20:00:00+00:00,98847.92667635677,98847.92667635677
2025-12-06T00:00:00+00:00,98847.92667635677,98847.92667635677
2025-12-08T00:00:00+00:00,98847.92667635677,98847.92667635677
2025-12-08T04:00:00+00:00,98847.92667635677,98847.92667635677
2025-12-08T08:00:00+00:00,98847.92667635677,98847.92667635677
2025-12-08T12:00:00+00:00,98847.92667635677,98847.92667635677
2025-12-08T16:00:00+00:00,98847.92667635677,98847.92667635677
2025-12-08T20:00:00+00:00,98847.92667635677,98847.92667635677
2025-12-09T00:00:00+00:00,98847.92667635677,98847.92667635677
2025-12-09T04:00:00+00:00,98847.92667635677,98847.92667635677
2025-12-09T08:00:00+00:00,98847.92667635677,98847.92667635677
2025-12-09T12:00:00+00:00,98847.92667635677,98847.92667635677
2025-12-09T16:00:00+00:00,98847.92667635677,98847.92667635677
2025-12-09T20:00:00+00:00,98847.92667635677,98847.92667635677
2025-12-10T00:00:00+00:00,98847.92667635677,98847.92667635677
2025-12-10T04:00:00+00:00,98847.92667635677,98847.92667635677
2025-12-10T08:00:00+00:00,98847.92667635677,98847.92667635677
2025-12-10T12:00:00+00:00,98847.92667635677,98847.92667635677
2025-12-10T16:00:00+00:00,98847.92667635677,98847.92667635677
2025-12-10T20:00:00+00:00,98847.92667635677,98847.92667635677
2025-12-11T00:00:00+00:00,98847.92667635677,98847.92667635677
2025-12-11T04:00:00+00:00,98847.92667635677,98847.92667635677
2025-12-11T08:00:00+00:00,98847.92667635677,98847.92667635677
2025-12-11T12:00:00+00:00,98847.92667635677,98847.92667635677
2025-12-11T16:00:00+00:00,98847.92667635677,98847.92667635677
2025-12-11T20:00:00+00:00,98847.92667635677,98847.92667635677
2025-12-12T00:00:00+00:00,98847.92667635677,98847.92667635677
2025-12-12T04:00:00+00:00,98847.92667635677,98847.92667635677
2025-12-12T08:00:00+00:00,98847.92667635677,98847.92667635677
2025-12-12T12:00:00+00:00,98847.92667635677,98847.92667635677
2025-12-12T16:00:00+00:00,98847.92667635677,98847.92667635677
2025-12-12T20:00:00+00:00,98886.83955497699,79091.26512422104
2025-12-13T00:00:00+00:00,98866.06289711004,98866.06289711004
2025-12-15T00:00:00+00:00,98866.06289711004,98866.06289711004
2025-12-15T04:00:00+00:00,98866.06289711004,98866.06289711004
2025-12-15T08:00:00+00:00,98866.06289711004,98866.06289711004
2025-12-15T16:00:00+00:00,98866.06289711004,98866.06289711004
2025-12-15T20:00:00+00:00,98866.06289711004,98866.06289711004
2025-12-16T00:00:00+00:00,98866.06289711004,98866.06289711004
2025-12-16T04:00:00+00:00,98866.06289711004,98866.06289711004
2025-12-16T08:00:00+00:00,98866.06289711004,98866.06289711004
2025-12-16T12:00:00+00:00,98866.06289711004,98866.06289711004
2025-12-16T16:00:00+00:00,98866.06289711004,98866.06289711004
2025-12-16T20:00:00+00:00,98866.06289711004,98866.06289711004
2025-12-17T00:00:00+00:00,98866.06289711004,98866.06289711004
2025-12-17T04:00:00+00:00,98866.06289711004,98866.06289711004
2025-12-17T08:00:00+00:00,98866.06289711004,98866.06289711004
2025-12-17T12:00:00+00:00,98866.06289711004,98866.06289711004
2025-12-17T16:00:00+00:00,98866.06289711004,98866.06289711004
2025-12-17T20:00:00+00:00,98866.06289711004,98866.06289711004
2025-12-18T00:00:00+00:00,98866.06289711004,98866.06289711004
2025-12-18T04:00:00+00:00,98866.06289711004,98866.06289711004
2025-12-18T08:00:00+00:00,98866.06289711004,98866.06289711004
2025-12-18T12:00:00+00:00,98866.06289711004,98866.06289711004
2025-12-18T16:00:00+00:00,98866.06289711004,98866.06289711004
2025-12-18T20:00:00+00:00,98866.06289711004,98866.06289711004
2025-12-19T00:00:00+00:00,98980.02081174313,88988.22034219388
2025-12-19T04:00:00+00:00,98973.02755059449,98973.02755059449
2025-12-19T08:00:00+00:00,98973.02755059449,98973.02755059449
2025-12-19T12:00:00+00:00,98973.02755059449,98973.02755059449
2025-12-19T16:00:00+00:00,98973.02755059449,98973.02755059449
2025-12-19T20:00:00+00:00,98973.02755059449,98973.02755059449
2025-12-20T00:00:00+00:00,98973.02755059449,98973.02755059449
2025-12-22T00:00:00+00:00,98973.02755059449,98973.02755059449
2025-12-22T04:00:00+00:00,98973.02755059449,98973.02755059449
2025-12-22T08:00:00+00:00,98973.02755059449,98973.02755059449
2025-12-22T12:00:00+00:00,98973.02755059449,98973.02755059449
2025-12-22T16:00:00+00:00,98973.02755059449,98973.02755059449
2025-12-22T20:00:00+00:00,98973.02755059449,98973.02755059449
2025-12-23T00:00:00+00:00,98973.02755059449,98973.02755059449
2025-12-23T04:00:00+00:00,98973.02755059449,98973.02755059449
2025-12-23T08:00:00+00:00,98973.02755059449,98973.02755059449
2025-12-23T12:00:00+00:00,98973.02755059449,98973.02755059449
2025-12-23T16:00:00+00:00,98973.02755059449,98973.02755059449
2025-12-23T20:00:00+00:00,98973.02755059449,98973.02755059449
2025-12-24T00:00:00+00:00,98973.02755059449,98973.02755059449
2025-12-24T04:00:00+00:00,98973.02755059449,98973.02755059449
2025-12-24T08:00:00+00:00,98973.02755059449,98973.02755059449
2025-12-24T12:00:00+00:00,98973.02755059449,98973.02755059449
2025-12-24T16:00:00+00:00,98973.02755059449,98973.02755059449
2025-12-24T20:00:00+00:00,98973.02755059449,98973.02755059449
2025-12-26T00:00:00+00:00,98973.02755059449,98973.02755059449
2025-12-26T04:00:00+00:00,98973.02755059449,98973.02755059449
2025-12-26T08:00:00+00:00,98973.02755059449,98973.02755059449
2025-12-26T12:00:00+00:00,98973.02755059449,98973.02755059449
2025-12-26T16:00:00+00:00,98973.02755059449,98973.02755059449
2025-12-29T00:00:00+00:00,98973.02755059449,98973.02755059449
2025-12-29T04:00:00+00:00,98973.02755059449,98973.02755059449
2025-12-29T08:00:00+00:00,98973.02755059449,98973.02755059449
2025-12-29T12:00:00+00:00,98973.02755059449,98973.02755059449
2025-12-29T16:00:00+00:00,98973.02755059449,98973.02755059449
2025-12-29T20:00:00+00:00,98973.02755059449,98973.02755059449
2025-12-30T00:00:00+00:00,98973.02755059449,98973.02755059449
2025-12-30T04:00:00+00:00,98973.02755059449,98973.02755059449
2025-12-30T08:00:00+00:00,98973.02755059449,98973.02755059449
2025-12-30T12:00:00+00:00,98973.02755059449,98973.02755059449
2025-12-30T16:00:00+00:00,98973.02755059449,98973.02755059449
2025-12-30T20:00:00+00:00,98973.02755059449,98973.02755059449
2025-12-31T00:00:00+00:00,98973.02755059449,98973.02755059449
2025-12-31T04:00:00+00:00,98973.02755059449,98973.02755059449
2025-12-31T08:00:00+00:00,98973.02755059449,98973.02755059449
2025-12-31T12:00:00+00:00,98973.02755059449,98973.02755059449
2025-12-31T16:00:00+00:00,98973.02755059449,98973.02755059449
2025-12-31T20:00:00+00:00,98973.02755059449,98973.02755059449
2026-01-01T00:00:00+00:00,98973.02755059449,98973.02755059449
