ASSET,VARIANT,COST_CASE,INPUT_SIGNALS,SUBMITTED_ENTRIES,CLOSED_TRADES,OPEN_POSITION_AT_END,REJECTED_ORDERS,SKIPPED_GAP_SIGNALS,DELAYED_EXITS,FINAL_EQUITY,PORTFOLIO_RETURN_PCT,MAX_DRAWDOWN_PCT,CLOSED_NET_PNL,AVG_NET_TRADE_RETURN_PCT,NET_WIN_RATE_PCT
BTC,DROP_ONLY,ZERO_COST,60,57,57,False,0,1,3,100609.80614154747,0.6098061415474643,0.6583772696071502,609.8061415474829,0.10706793527668776,54.385964912280706
BTC,DROP_ONLY,ILLUSTRATIVE_COST,60,57,57,False,0,1,3,99809.74057044876,-0.19025942955124275,1.069635111760474,-190.2594295512195,-0.03300040149091173,47.368421052631575
BTC,DROP_FEAR,ZERO_COST,9,9,9,False,0,0,0,100159.19177011376,0.15919177011376462,0.12170561605064624,159.19177011376908,0.17709731095848352,66.66666666666666
BTC,DROP_FEAR,ILLUSTRATIVE_COST,9,9,9,False,0,0,0,100032.97291570247,0.03297291570247829,0.17062907106183473,32.97291570249553,0.03696596735707401,66.66666666666666
BTC,DROP_RANGE,ZERO_COST,45,42,42,False,0,1,3,100345.12499947565,0.34512499947565445,0.6768714678661419,345.12499947565544,0.08238726795328923,54.761904761904766
BTC,DROP_RANGE,ILLUSTRATIVE_COST,45,42,42,False,0,1,3,99756.59426671348,-0.24340573328651693,0.9978560870634469,-243.4057332864934,-0.05765886312292199,47.61904761904761
BTC,FULL,ZERO_COST,5,5,5,False,0,0,0,100145.15117088039,0.14515117088038654,0.1118632400183588,145.15117088038582,0.29046393114838953,80.0
BTC,FULL,ILLUSTRATIVE_COST,5,5,5,False,0,0,0,100074.98801140873,0.07498801140872757,0.12780640173662478,74.98801140873748,0.15023058932511582,80.0
ETH,DROP_ONLY,ZERO_COST,55,51,51,False,0,0,2,99640.9588320037,-0.35904116799629904,1.978175492916378,-359.0411679963345,-0.06797684775928803,60.78431372549019
ETH,DROP_ONLY,ILLUSTRATIVE_COST,55,51,51,False,0,0,2,98932.21321930767,-1.067786780692337,2.14851131745764,-1067.7867806923498,-0.2078876932248937,50.98039215686274
ETH,DROP_FEAR,ZERO_COST,7,7,7,False,0,0,0,100466.86729982108,0.4668672998210832,0.2339472374315512,466.86729982106726,0.6665304186690381,85.71428571428571
ETH,DROP_FEAR,ILLUSTRATIVE_COST,7,7,7,False,0,0,0,100368.18976843393,0.36818976843393525,0.2548750681874615,368.18976843393636,0.525958722284554,71.42857142857143
ETH,DROP_RANGE,ZERO_COST,30,27,27,False,0,0,2,98498.04710002834,-1.5019528999716591,1.8207245541559505,-1501.952899971575,-0.5577354567543287,48.148148148148145
ETH,DROP_RANGE,ILLUSTRATIVE_COST,30,27,27,False,0,0,2,98127.23700085068,-1.8727629991493133,1.9950644851503316,-1872.7629991492404,-0.697205656576827,37.03703703703704
ETH,FULL,ZERO_COST,2,2,2,False,0,0,0,99864.39826912519,-0.13560173087481253,0.2417441404890656,-135.60173087480925,-0.6768555737952489,50.0
ETH,FULL,ILLUSTRATIVE_COST,2,2,2,False,0,0,0,99836.51423676345,-0.1634857632365483,0.26262334371726115,-163.4857632365256,-0.816218598859366,50.0
